Workbook

Sheet FOOD WASTAGE-SANNAI MESS
A1: FOOD WASTAGE REPORT-APRIL TO MARCH-2023-2024
A2: MESS WISE REPORT-SANNASI MESS
A3: S.NO | B3: Break Fast | C3: Break Fast | D3: Lunch | E3: Snacks with Tea | F3: Dinner | G3: TOTAL FOOD WASTAGE
A4: 1 | B4: Apr-2023 | C4: 1427 | D4: 10643 | E4: 0 | F4: 10890 | G4: =SUM(C4:F4) -> 22960
A5: 2 | B5: May-2023 | C5: 1280 | D5: 10980 | E5: 0 | F5: 11785 | G5: =SUM(C5:F5) -> 24045
A6: 3 | B6: Jun-2023 | C6: 542 | D6: 4729 | E6: 0 | F6: 5537 | G6: =SUM(C6:F6) -> 10808
A7: 4 | B7: Jul-2023 | C7: 1483 | D7: 2564 | E7: 0 | F7: 2478 | G7: =SUM(C7:F7) -> 6525
A8: 5 | B8: Aug-2023 | C8: 1147 | D8: 4944 | E8: 0 | F8: 5520 | G8: =SUM(C8:F8) -> 11611
A9: 6 | B9: Sep-2023 | C9: 954 | D9: 4156 | E9: 0 | F9: 5026 | G9: =SUM(C9:F9) -> 10136
A10: 7 | B10: Oct-2023 | C10: 894 | D10: 4514 | E10: 0 | F10: 5478 | G10: =SUM(C10:F10) -> 10886
A11: 8 | B11: Nov-2023 | C11: 1041 | D11: 4501 | E11: 0 | F11: 5820 | G11: =SUM(C11:F11) -> 11362
A12: 9 | B12: Dec-2023 | C12: 694 | D12: 3254 | E12: 0 | F12: 4447 | G12: =SUM(C12:F12) -> 8395
A13: 10 | B13: Jan-2024 | C13: 765 | D13: 3937 | E13: 0 | F13: 4753 | G13: =SUM(C13:F13) -> 9455
A14: 11 | B14: Feb-2024 | C14: 1120 | D14: 3907 | E14: 0 | F14: 5306 | G14: =SUM(C14:F14) -> 10333
A15: 12 | B15: Mar-2024 | C15: 876 | D15: 4498 | E15: 0 | F15: 5796 | G15: =SUM(C15:F15) -> 11170
B16: Grand Total | C16: =SUBTOTAL(9,C4:C15) -> 12223 | D16: =SUBTOTAL(9,D4:D15) -> 62627 | E16: =SUBTOTAL(9,E4:E15) -> 0 | F16: =SUBTOTAL(9,F4:F15) -> 72836 | G16: =SUBTOTAL(9,G4:G15) -> 147686

Sheet PLATE COUNT -SANNAI MESS
A1: STUDENT PLATE COUNT REPORT-APRIL TO MARCH-2023-2024
A2: PLATE COUNT REPORT-SANNASI MESS
A3: S.NO | B3: Break Fast | C3: Break Fast | D3: Lunch | E3: Snacks with Tea | F3: Dinner | G3: Total Plate Count
A4: 1 | B4: Apr-2023 | C4: 48200 | D4: 121200 | E4: 130150 | F4: 130150 | G4: =SUM(C4:F4) -> 429700
A5: 2 | B5: May-2023 | C5: 50086 | D5: 107468 | E5: 115715 | F5: 115715 | G5: =SUM(C5:F5) -> 388984
A6: 3 | B6: Jun-2023 | C6: 23055 | D6: 30900 | E6: 29387 | F6: 29387 | G6: =SUM(C6:F6) -> 112729
A7: 4 | B7: Jul-2023 | C7: 12800 | D7: 13840 | E7: 13830 | F7: 13930 | G7: =SUM(C7:F7) -> 54400
A8: 5 | B8: Aug-2023 | C8: 78261 | D8: 148950 | E8: 155693 | F8: 161800 | G8: =SUM(C8:F8) -> 544704
A9: 6 | B9: Sep-2023 | C9: 70200 | D9: 137020 | E9: 147900 | F9: 149800 | G9: =SUM(C9:F9) -> 504920
A10: 7 | B10: Oct-2023 | C10: 69470 | D10: 143600 | E10: 155150 | F10: 155150 | G10: =SUM(C10:F10) -> 523370
A11: 8 | B11: Nov-2023 | C11: 66970 | D11: 147220 | E11: 166910 | F11: 166910 | G11: =SUM(C11:F11) -> 548010
A12: 9 | B12: Dec-2023 | C12: 41510 | D12: 85051 | E12: 78921 | F12: 79121 | G12: =SUM(C12:F12) -> 284603
A13: 10 | B13: Jan-2024 | C13: 63766 | D13: 120981 | E13: 112366 | F13: 113466 | G13: =SUM(C13:F13) -> 410579
A14: 11 | B14: Feb-2024 | C14: 54206 | D14: 155689 | E14: 168926 | F14: 165326 | G14: =SUM(C14:F14) -> 544147
A15: 12 | B15: Mar-2024 | C15: 51533 | D15: 162869 | E15: 171597 | F15: 171598 | G15: =SUM(C15:F15) -> 557597
B16: Grand Total | C16: =SUBTOTAL(9,C4:C15) -> 630057 | D16: =SUBTOTAL(9,D4:D15) -> 1374788 | E16: =SUBTOTAL(9,E4:E15) -> 1446545 | F16: =SUBTOTAL(9,F4:F15) -> 1452353 | G16: =SUBTOTAL(9,G4:G15) -> 4903743

Sheet REPORT - SANNASI MESS
A1: SRM IST HOSTEL MESS
A2: SANNASI -MESS PLATE COUNT& FOOD WASTAGE -APRIL TO MARCH-2023-2024
C3: Plate Count | D3: Food Wastage | E3: Percantage of Food Wastage % | F3: Plate Count | G3: Food Wastage | H3: Percantage of Food Wastage % | I3: Plate Count | J3: Food Wastage | K3: Percantage of Food Wastage % | L3: Plate Count | M3: Food Wastage | N3: Percantage of Food Wastage % | P3: SRM IST HOSTEL MESS
A4: S.NO | B4: MONTH WISE | C4: Break Fast | D4: Break Fast | E4: Break Fast | F4: Lunch | G4: Lunch | H4: Lunch | I4: Snacks with Tea | J4: Snacks with Tea | K4: Snacks with Tea | L4: Dinner | M4: Dinner | N4: Dinner | P4: SANNASI MESS-PERCEANTAGE OF FOOD WASTAGE-APRIL TO MARCH-2023 TO 2024
A5: 1 | B5: Apr-2023 | C5: =VLOOKUP($B$5:$B$16,'PLATE COUNT -SANNAI MESS'!$B$4:$F$15,2,0) -> 48200 | D5: =VLOOKUP($B$5:$B$16,'FOOD WASTAGE-SANNAI MESS'!$B$4:$F$15,2,0) -> 1427 | E5: =SUM(D5/C5*100) -> 2.9605809 | F5: =VLOOKUP($B$5:$B$16,'PLATE COUNT -SANNAI MESS'!$B$4:$F$15,3,0) -> 121200 | G5: =VLOOKUP($B$5:$B$16,'FOOD WASTAGE-SANNAI MESS'!$B$4:$F$15,3,0) -> 10643 | H5: =SUM(G5/F5*100) -> 8.7813531 | I5: =VLOOKUP($B$5:$B$16,'PLATE COUNT -SANNAI MESS'!$B$4:$F$15,4,0) -> 130150 | J5: =VLOOKUP($B$5:$B$16,'FOOD WASTAGE-SANNAI MESS'!$B$4:$F$15,4,0) -> 0 | K5: =IFERROR(SUM(I5/J5),"0") -> 0 | L5: =VLOOKUP($B$5:$B$16,'PLATE COUNT -SANNAI MESS'!$B$4:$F$15,5,0) -> 130150 | M5: =VLOOKUP($B$5:$B$16,'FOOD WASTAGE-SANNAI MESS'!$B$4:$F$15,5,0) -> 10890 | N5: =SUM(M5/L5*100) -> 8.3672685 | P5: MONTH WISE | Q5: Break Fast | R5: Lunch | S5: Snaks with Tea | T5: Dinner | U5: MONTH WISE AVERAGE
A6: 2 | B6: May-2023 | C6: =VLOOKUP($B$5:$B$16,'PLATE COUNT -SANNAI MESS'!$B$4:$F$15,2,0) -> 50086 | D6: =VLOOKUP($B$5:$B$16,'FOOD WASTAGE-SANNAI MESS'!$B$4:$F$15,2,0) -> 1280 | E6: =SUM(D6/C6*100) -> 2.5556044 | F6: =VLOOKUP($B$5:$B$16,'PLATE COUNT -SANNAI MESS'!$B$4:$F$15,3,0) -> 107468 | G6: =VLOOKUP($B$5:$B$16,'FOOD WASTAGE-SANNAI MESS'!$B$4:$F$15,3,0) -> 10980 | H6: =SUM(G6/F6*100) -> 10.216995 | I6: =VLOOKUP($B$5:$B$16,'PLATE COUNT -SANNAI MESS'!$B$4:$F$15,4,0) -> 115715 | J6: =VLOOKUP($B$5:$B$16,'FOOD WASTAGE-SANNAI MESS'!$B$4:$F$15,4,0) -> 0 | K6: =IFERROR(SUM(I6/J6),"0") -> 0 | L6: =VLOOKUP($B$5:$B$16,'PLATE COUNT -SANNAI MESS'!$B$4:$F$15,5,0) -> 115715 | M6: =VLOOKUP($B$5:$B$16,'FOOD WASTAGE-SANNAI MESS'!$B$4:$F$15,5,0) -> 11785 | N6: =SUM(M6/L6*100) -> 10.184505 | P6: Apr-2023 | Q6: =VLOOKUP($P$6:$P$17,$B$4:$N$16,4,0) -> 2.9605809 | R6: =VLOOKUP($P$6:$P$17,$B$4:$N$16,7,0) -> 8.7813531 | S6: =VLOOKUP($P$6:$P$17,$B$4:$N$16,10,0) -> 0 | T6: =VLOOKUP($P$6:$P$17,$B$4:$N$16,13,0) -> 8.3672685 | U6: =SUM(Q6:T6)/4 -> 5.0273006
A7: 3 | B7: Jun-2023 | C7: =VLOOKUP($B$5:$B$16,'PLATE COUNT -SANNAI MESS'!$B$4:$F$15,2,0) -> 23055 | D7: =VLOOKUP($B$5:$B$16,'FOOD WASTAGE-SANNAI MESS'!$B$4:$F$15,2,0) -> 542 | E7: =SUM(D7/C7*100) -> 2.3509 | F7: =VLOOKUP($B$5:$B$16,'PLATE COUNT -SANNAI MESS'!$B$4:$F$15,3,0) -> 30900 | G7: =VLOOKUP($B$5:$B$16,'FOOD WASTAGE-SANNAI MESS'!$B$4:$F$15,3,0) -> 4729 | H7: =SUM(G7/F7*100) -> 15.304207 | I7: =VLOOKUP($B$5:$B$16,'PLATE COUNT -SANNAI MESS'!$B$4:$F$15,4,0) -> 29387 | J7: =VLOOKUP($B$5:$B$16,'FOOD WASTAGE-SANNAI MESS'!$B$4:$F$15,4,0) -> 0 | K7: =IFERROR(SUM(I7/J7),"0") -> 0 | L7: =VLOOKUP($B$5:$B$16,'PLATE COUNT -SANNAI MESS'!$B$4:$F$15,5,0) -> 29387 | M7: =VLOOKUP($B$5:$B$16,'FOOD WASTAGE-SANNAI MESS'!$B$4:$F$15,5,0) -> 5537 | N7: =SUM(M7/L7*100) -> 18.841665 | P7: May-2023 | Q7: =VLOOKUP($P$6:$P$17,$B$4:$N$16,4,0) -> 2.5556044 | R7: =VLOOKUP($P$6:$P$17,$B$4:$N$16,7,0) -> 10.216995 | S7: =VLOOKUP($P$6:$P$17,$B$4:$N$16,10,0) -> 0 | T7: =VLOOKUP($P$6:$P$17,$B$4:$N$16,13,0) -> 10.184505 | U7: =SUM(Q7:T7)/4 -> 5.7392761
A8: 4 | B8: Jul-2023 | C8: =VLOOKUP($B$5:$B$16,'PLATE COUNT -SANNAI MESS'!$B$4:$F$15,2,0) -> 12800 | D8: =VLOOKUP($B$5:$B$16,'FOOD WASTAGE-SANNAI MESS'!$B$4:$F$15,2,0) -> 1483 | E8: =SUM(D8/C8*100) -> 11.585938 | F8: =VLOOKUP($B$5:$B$16,'PLATE COUNT -SANNAI MESS'!$B$4:$F$15,3,0) -> 13840 | G8: =VLOOKUP($B$5:$B$16,'FOOD WASTAGE-SANNAI MESS'!$B$4:$F$15,3,0) -> 2564 | H8: =SUM(G8/F8*100) -> 18.526012 | I8: =VLOOKUP($B$5:$B$16,'PLATE COUNT -SANNAI MESS'!$B$4:$F$15,4,0) -> 13830 | J8: =VLOOKUP($B$5:$B$16,'FOOD WASTAGE-SANNAI MESS'!$B$4:$F$15,4,0) -> 0 | K8: =IFERROR(SUM(I8/J8),"0") -> 0 | L8: =VLOOKUP($B$5:$B$16,'PLATE COUNT -SANNAI MESS'!$B$4:$F$15,5,0) -> 13930 | M8: =VLOOKUP($B$5:$B$16,'FOOD WASTAGE-SANNAI MESS'!$B$4:$F$15,5,0) -> 2478 | N8: =SUM(M8/L8*100) -> 17.788945 | P8: Jun-2023 | Q8: =VLOOKUP($P$6:$P$17,$B$4:$N$16,4,0) -> 2.3509 | R8: =VLOOKUP($P$6:$P$17,$B$4:$N$16,7,0) -> 15.304207 | S8: =VLOOKUP($P$6:$P$17,$B$4:$N$16,10,0) -> 0 | T8: =VLOOKUP($P$6:$P$17,$B$4:$N$16,13,0) -> 18.841665 | U8: =SUM(Q8:T8)/4 -> 9.124193
A9: 5 | B9: Aug-2023 | C9: =VLOOKUP($B$5:$B$16,'PLATE COUNT -SANNAI MESS'!$B$4:$F$15,2,0) -> 78261 | D9: =VLOOKUP($B$5:$B$16,'FOOD WASTAGE-SANNAI MESS'!$B$4:$F$15,2,0) -> 1147 | E9: =SUM(D9/C9*100) -> 1.4656087 | F9: =VLOOKUP($B$5:$B$16,'PLATE COUNT -SANNAI MESS'!$B$4:$F$15,3,0) -> 148950 | G9: =VLOOKUP($B$5:$B$16,'FOOD WASTAGE-SANNAI MESS'!$B$4:$F$15,3,0) -> 4944 | H9: =SUM(G9/F9*100) -> 3.3192346 | I9: =VLOOKUP($B$5:$B$16,'PLATE COUNT -SANNAI MESS'!$B$4:$F$15,4,0) -> 155693 | J9: =VLOOKUP($B$5:$B$16,'FOOD WASTAGE-SANNAI MESS'!$B$4:$F$15,4,0) -> 0 | K9: =IFERROR(SUM(I9/J9),"0") -> 0 | L9: =VLOOKUP($B$5:$B$16,'PLATE COUNT -SANNAI MESS'!$B$4:$F$15,5,0) -> 161800 | M9: =VLOOKUP($B$5:$B$16,'FOOD WASTAGE-SANNAI MESS'!$B$4:$F$15,5,0) -> 5520 | N9: =SUM(M9/L9*100) -> 3.4116193 | P9: Jul-2023 | Q9: =VLOOKUP($P$6:$P$17,$B$4:$N$16,4,0) -> 11.585938 | R9: =VLOOKUP($P$6:$P$17,$B$4:$N$16,7,0) -> 18.526012 | S9: =VLOOKUP($P$6:$P$17,$B$4:$N$16,10,0) -> 0 | T9: =VLOOKUP($P$6:$P$17,$B$4:$N$16,13,0) -> 17.788945 | U9: =SUM(Q9:T9)/4 -> 11.975223
A10: 6 | B10: Sep-2023 | C10: =VLOOKUP($B$5:$B$16,'PLATE COUNT -SANNAI MESS'!$B$4:$F$15,2,0) -> 70200 | D10: =VLOOKUP($B$5:$B$16,'FOOD WASTAGE-SANNAI MESS'!$B$4:$F$15,2,0) -> 954 | E10: =SUM(D10/C10*100) -> 1.3589744 | F10: =VLOOKUP($B$5:$B$16,'PLATE COUNT -SANNAI MESS'!$B$4:$F$15,3,0) -> 137020 | G10: =VLOOKUP($B$5:$B$16,'FOOD WASTAGE-SANNAI MESS'!$B$4:$F$15,3,0) -> 4156 | H10: =SUM(G10/F10*100) -> 3.0331338 | I10: =VLOOKUP($B$5:$B$16,'PLATE COUNT -SANNAI MESS'!$B$4:$F$15,4,0) -> 147900 | J10: =VLOOKUP($B$5:$B$16,'FOOD WASTAGE-SANNAI MESS'!$B$4:$F$15,4,0) -> 0 | K10: =IFERROR(SUM(I10/J10),"0") -> 0 | L10: =VLOOKUP($B$5:$B$16,'PLATE COUNT -SANNAI MESS'!$B$4:$F$15,5,0) -> 149800 | M10: =VLOOKUP($B$5:$B$16,'FOOD WASTAGE-SANNAI MESS'!$B$4:$F$15,5,0) -> 5026 | N10: =SUM(M10/L10*100) -> 3.3551402 | P10: Aug-2023 | Q10: =VLOOKUP($P$6:$P$17,$B$4:$N$16,4,0) -> 1.4656087 | R10: =VLOOKUP($P$6:$P$17,$B$4:$N$16,7,0) -> 3.3192346 | S10: =VLOOKUP($P$6:$P$17,$B$4:$N$16,10,0) -> 0 | T10: =VLOOKUP($P$6:$P$17,$B$4:$N$16,13,0) -> 3.4116193 | U10: =SUM(Q10:T10)/4 -> 2.0491156
A11: 7 | B11: Oct-2023 | C11: =VLOOKUP($B$5:$B$16,'PLATE COUNT -SANNAI MESS'!$B$4:$F$15,2,0) -> 69470 | D11: =VLOOKUP($B$5:$B$16,'FOOD WASTAGE-SANNAI MESS'!$B$4:$F$15,2,0) -> 894 | E11: =SUM(D11/C11*100) -> 1.2868864 | F11: =VLOOKUP($B$5:$B$16,'PLATE COUNT -SANNAI MESS'!$B$4:$F$15,3,0) -> 143600 | G11: =VLOOKUP($B$5:$B$16,'FOOD WASTAGE-SANNAI MESS'!$B$4:$F$15,3,0) -> 4514 | H11: =SUM(G11/F11*100) -> 3.143454 | I11: =VLOOKUP($B$5:$B$16,'PLATE COUNT -SANNAI MESS'!$B$4:$F$15,4,0) -> 155150 | J11: =VLOOKUP($B$5:$B$16,'FOOD WASTAGE-SANNAI MESS'!$B$4:$F$15,4,0) -> 0 | K11: =IFERROR(SUM(I11/J11),"0") -> 0 | L11: =VLOOKUP($B$5:$B$16,'PLATE COUNT -SANNAI MESS'!$B$4:$F$15,5,0) -> 155150 | M11: =VLOOKUP($B$5:$B$16,'FOOD WASTAGE-SANNAI MESS'!$B$4:$F$15,5,0) -> 5478 | N11: =SUM(M11/L11*100) -> 3.5307767 | P11: Sep-2023 | Q11: =VLOOKUP($P$6:$P$17,$B$4:$N$16,4,0) -> 1.3589744 | R11: =VLOOKUP($P$6:$P$17,$B$4:$N$16,7,0) -> 3.0331338 | S11: =VLOOKUP($P$6:$P$17,$B$4:$N$16,10,0) -> 0 | T11: =VLOOKUP($P$6:$P$17,$B$4:$N$16,13,0) -> 3.3551402 | U11: =SUM(Q11:T11)/4 -> 1.9368121
A12: 8 | B12: Nov-2023 | C12: =VLOOKUP($B$5:$B$16,'PLATE COUNT -SANNAI MESS'!$B$4:$F$15,2,0) -> 66970 | D12: =VLOOKUP($B$5:$B$16,'FOOD WASTAGE-SANNAI MESS'!$B$4:$F$15,2,0) -> 1041 | E12: =SUM(D12/C12*100) -> 1.5544274 | F12: =VLOOKUP($B$5:$B$16,'PLATE COUNT -SANNAI MESS'!$B$4:$F$15,3,0) -> 147220 | G12: =VLOOKUP($B$5:$B$16,'FOOD WASTAGE-SANNAI MESS'!$B$4:$F$15,3,0) -> 4501 | H12: =SUM(G12/F12*100) -> 3.0573292 | I12: =VLOOKUP($B$5:$B$16,'PLATE COUNT -SANNAI MESS'!$B$4:$F$15,4,0) -> 166910 | J12: =VLOOKUP($B$5:$B$16,'FOOD WASTAGE-SANNAI MESS'!$B$4:$F$15,4,0) -> 0 | K12: =IFERROR(SUM(I12/J12),"0") -> 0 | L12: =VLOOKUP($B$5:$B$16,'PLATE COUNT -SANNAI MESS'!$B$4:$F$15,5,0) -> 166910 | M12: =VLOOKUP($B$5:$B$16,'FOOD WASTAGE-SANNAI MESS'!$B$4:$F$15,5,0) -> 5820 | N12: =SUM(M12/L12*100) -> 3.4869091 | P12: Oct-2023 | Q12: =VLOOKUP($P$6:$P$17,$B$4:$N$16,4,0) -> 1.2868864 | R12: =VLOOKUP($P$6:$P$17,$B$4:$N$16,7,0) -> 3.143454 | S12: =VLOOKUP($P$6:$P$17,$B$4:$N$16,10,0) -> 0 | T12: =VLOOKUP($P$6:$P$17,$B$4:$N$16,13,0) -> 3.5307767 | U12: =SUM(Q12:T12)/4 -> 1.9902793
A13: 9 | B13: Dec-2023 | C13: =VLOOKUP($B$5:$B$16,'PLATE COUNT -SANNAI MESS'!$B$4:$F$15,2,0) -> 41510 | D13: =VLOOKUP($B$5:$B$16,'FOOD WASTAGE-SANNAI MESS'!$B$4:$F$15,2,0) -> 694 | E13: =SUM(D13/C13*100) -> 1.6718863 | F13: =VLOOKUP($B$5:$B$16,'PLATE COUNT -SANNAI MESS'!$B$4:$F$15,3,0) -> 85051 | G13: =VLOOKUP($B$5:$B$16,'FOOD WASTAGE-SANNAI MESS'!$B$4:$F$15,3,0) -> 3254 | H13: =SUM(G13/F13*100) -> 3.8259397 | I13: =VLOOKUP($B$5:$B$16,'PLATE COUNT -SANNAI MESS'!$B$4:$F$15,4,0) -> 78921 | J13: =VLOOKUP($B$5:$B$16,'FOOD WASTAGE-SANNAI MESS'!$B$4:$F$15,4,0) -> 0 | K13: =IFERROR(SUM(I13/J13),"0") -> 0 | L13: =VLOOKUP($B$5:$B$16,'PLATE COUNT -SANNAI MESS'!$B$4:$F$15,5,0) -> 79121 | M13: =VLOOKUP($B$5:$B$16,'FOOD WASTAGE-SANNAI MESS'!$B$4:$F$15,5,0) -> 4447 | N13: =SUM(M13/L13*100) -> 5.6205053 | P13: Nov-2023 | Q13: =VLOOKUP($P$6:$P$17,$B$4:$N$16,4,0) -> 1.5544274 | R13: =VLOOKUP($P$6:$P$17,$B$4:$N$16,7,0) -> 3.0573292 | S13: =VLOOKUP($P$6:$P$17,$B$4:$N$16,10,0) -> 0 | T13: =VLOOKUP($P$6:$P$17,$B$4:$N$16,13,0) -> 3.4869091 | U13: =SUM(Q13:T13)/4 -> 2.0246664
A14: 10 | B14: Jan-2024 | C14: =VLOOKUP($B$5:$B$16,'PLATE COUNT -SANNAI MESS'!$B$4:$F$15,2,0) -> 63766 | D14: =VLOOKUP($B$5:$B$16,'FOOD WASTAGE-SANNAI MESS'!$B$4:$F$15,2,0) -> 765 | E14: =SUM(D14/C14*100) -> 1.1996989 | F14: =VLOOKUP($B$5:$B$16,'PLATE COUNT -SANNAI MESS'!$B$4:$F$15,3,0) -> 120981 | G14: =VLOOKUP($B$5:$B$16,'FOOD WASTAGE-SANNAI MESS'!$B$4:$F$15,3,0) -> 3937 | H14: =SUM(G14/F14*100) -> 3.25423 | I14: =VLOOKUP($B$5:$B$16,'PLATE COUNT -SANNAI MESS'!$B$4:$F$15,4,0) -> 112366 | J14: =VLOOKUP($B$5:$B$16,'FOOD WASTAGE-SANNAI MESS'!$B$4:$F$15,4,0) -> 0 | K14: =IFERROR(SUM(I14/J14),"0") -> 0 | L14: =VLOOKUP($B$5:$B$16,'PLATE COUNT -SANNAI MESS'!$B$4:$F$15,5,0) -> 113466 | M14: =VLOOKUP($B$5:$B$16,'FOOD WASTAGE-SANNAI MESS'!$B$4:$F$15,5,0) -> 4753 | N14: =SUM(M14/L14*100) -> 4.18892 | P14: Dec-2023 | Q14: =VLOOKUP($P$6:$P$17,$B$4:$N$16,4,0) -> 1.6718863 | R14: =VLOOKUP($P$6:$P$17,$B$4:$N$16,7,0) -> 3.8259397 | S14: =VLOOKUP($P$6:$P$17,$B$4:$N$16,10,0) -> 0 | T14: =VLOOKUP($P$6:$P$17,$B$4:$N$16,13,0) -> 5.6205053 | U14: =SUM(Q14:T14)/4 -> 2.7795828
A15: 11 | B15: Feb-2024 | C15: =VLOOKUP($B$5:$B$16,'PLATE COUNT -SANNAI MESS'!$B$4:$F$15,2,0) -> 54206 | D15: =VLOOKUP($B$5:$B$16,'FOOD WASTAGE-SANNAI MESS'!$B$4:$F$15,2,0) -> 1120 | E15: =SUM(D15/C15*100) -> 2.0661919 | F15: =VLOOKUP($B$5:$B$16,'PLATE COUNT -SANNAI MESS'!$B$4:$F$15,3,0) -> 155689 | G15: =VLOOKUP($B$5:$B$16,'FOOD WASTAGE-SANNAI MESS'!$B$4:$F$15,3,0) -> 3907 | H15: =SUM(G15/F15*100) -> 2.5094901 | I15: =VLOOKUP($B$5:$B$16,'PLATE COUNT -SANNAI MESS'!$B$4:$F$15,4,0) -> 168926 | J15: =VLOOKUP($B$5:$B$16,'FOOD WASTAGE-SANNAI MESS'!$B$4:$F$15,4,0) -> 0 | K15: =IFERROR(SUM(I15/J15),"0") -> 0 | L15: =VLOOKUP($B$5:$B$16,'PLATE COUNT -SANNAI MESS'!$B$4:$F$15,5,0) -> 165326 | M15: =VLOOKUP($B$5:$B$16,'FOOD WASTAGE-SANNAI MESS'!$B$4:$F$15,5,0) -> 5306 | N15: =SUM(M15/L15*100) -> 3.2094165 | P15: Jan-2024 | Q15: =VLOOKUP($P$6:$P$17,$B$4:$N$16,4,0) -> 1.1996989 | R15: =VLOOKUP($P$6:$P$17,$B$4:$N$16,7,0) -> 3.25423 | S15: =VLOOKUP($P$6:$P$17,$B$4:$N$16,10,0) -> 0 | T15: =VLOOKUP($P$6:$P$17,$B$4:$N$16,13,0) -> 4.18892 | U15: =SUM(Q15:T15)/4 -> 2.1607122
A16: 12 | B16: Mar-2024 | C16: =VLOOKUP($B$5:$B$16,'PLATE COUNT -SANNAI MESS'!$B$4:$F$15,2,0) -> 51533 | D16: =VLOOKUP($B$5:$B$16,'FOOD WASTAGE-SANNAI MESS'!$B$4:$F$15,2,0) -> 876 | E16: =SUM(D16/C16*100) -> 1.6998816 | F16: =VLOOKUP($B$5:$B$16,'PLATE COUNT -SANNAI MESS'!$B$4:$F$15,3,0) -> 162869 | G16: =VLOOKUP($B$5:$B$16,'FOOD WASTAGE-SANNAI MESS'!$B$4:$F$15,3,0) -> 4498 | H16: =SUM(G16/F16*100) -> 2.7617288 | I16: =VLOOKUP($B$5:$B$16,'PLATE COUNT -SANNAI MESS'!$B$4:$F$15,4,0) -> 171597 | J16: =VLOOKUP($B$5:$B$16,'FOOD WASTAGE-SANNAI MESS'!$B$4:$F$15,4,0) -> 0 | K16: =IFERROR(SUM(I16/J16),"0") -> 0 | L16: =VLOOKUP($B$5:$B$16,'PLATE COUNT -SANNAI MESS'!$B$4:$F$15,5,0) -> 171598 | M16: =VLOOKUP($B$5:$B$16,'FOOD WASTAGE-SANNAI MESS'!$B$4:$F$15,5,0) -> 5796 | N16: =SUM(M16/L16*100) -> 3.3776617 | P16: Feb-2024 | Q16: =VLOOKUP($P$6:$P$17,$B$4:$N$16,4,0) -> 2.0661919 | R16: =VLOOKUP($P$6:$P$17,$B$4:$N$16,7,0) -> 2.5094901 | S16: =VLOOKUP($P$6:$P$17,$B$4:$N$16,10,0) -> 0 | T16: =VLOOKUP($P$6:$P$17,$B$4:$N$16,13,0) -> 3.2094165 | U16: =SUM(Q16:T16)/4 -> 1.9462746
B17: Grand Total | C17: =SUBTOTAL(9,C4:C16) -> 630057 | D17: =SUBTOTAL(9,D4:D16) -> 12223 | E17: =SUBTOTAL(9,E4:E16) -> 31.756578 | F17: =SUBTOTAL(9,F4:F16) -> 1374788 | G17: =SUBTOTAL(9,G4:G16) -> 62627 | H17: =SUBTOTAL(9,H4:H16) -> 77.733107 | I17: =SUBTOTAL(9,I4:I16) -> 1446545 | J17: =SUBTOTAL(9,J4:J16) -> 0 | ... N17: =SUBTOTAL(9,N4:N16) -> 85.363332 | P17: Mar-2024 | Q17: =VLOOKUP($P$6:$P$17,$B$4:$N$16,4,0) -> 1.6998816 | R17: =VLOOKUP($P$6:$P$17,$B$4:$N$16,7,0) -> 2.7617288 | S17: =VLOOKUP($P$6:$P$17,$B$4:$N$16,10,0) -> 0 | T17: =VLOOKUP($P$6:$P$17,$B$4:$N$16,13,0) -> 3.3776617 | U17: =SUM(Q17:T17)/4 -> 1.959818
P18: YEAR WISE FOOE WASTAGE SANNAI MESS (APRIL TO MARCH-2023 TO 2024) | U18: =SUM(U6:U17)/(12) -> 4.0594379

Sheet FOOD WASTAGE-D-MESS
A1: FOOD WASTAGE REPORT-APRIL TO MARCH-2023-2024
A2: MESS WISE REPORT-D- MESS
A3: S.NO | B3: MONTH WISE | C3: Break Fast | D3: Lunch | E3: Snacks with Tea | F3: Dinner | G3: TOTAL FOOD WASTAGE
A4: 1 | B4: Apr-2023 | C4: 1006 | D4: 3161 | E4: 0 | F4: 3175 | G4: =SUM(C4:F4) -> 7342
A5: 2 | B5: May-2023 | C5: 1023 | D5: 3024 | E5: 0 | F5: 3754 | G5: =SUM(C5:F5) -> 7801
A6: 3 | B6: Jun-2023 | C6: 15 | D6: 30 | E6: 0 | F6: 0 | G6: =SUM(C6:F6) -> 45
A7: 4 | B7: Jul-2023 | C7: 408 | D7: 1095 | E7: 0 | F7: 1117 | G7: =SUM(C7:F7) -> 2620
A8: 5 | B8: Aug-2023 | C8: 1181 | D8: 2453 | E8: 0 | F8: 2479 | G8: =SUM(C8:F8) -> 6113
A9: 6 | B9: Sep-2023 | C9: 1821 | D9: 3057 | E9: 0 | F9: 3583 | G9: =SUM(C9:F9) -> 8461
A10: 7 | B10: Oct-2023 | C10: 745 | D10: 2194 | E10: 0 | F10: 2264 | G10: =SUM(C10:F10) -> 5203
A11: 8 | B11: Nov-2023 | C11: 1006 | D11: 1977 | E11: 0 | F11: 2411 | G11: =SUM(C11:F11) -> 5394
A12: 9 | B12: Dec-2023 | C12: 205 | D12: 468 | E12: 0 | F12: 525 | G12: =SUM(C12:F12) -> 1198
A13: 10 | B13: Jan-2024 | C13: 0 | D13: 0 | E13: 0 | F13: 0 | G13: =SUM(C13:F13) -> 0
A14: 11 | B14: Feb-2024 | C14: 887 | D14: 1680 | E14: 0 | F14: 1867 | G14: =SUM(C14:F14) -> 4434
A15: 12 | B15: Mar-2024 | C15: 1013 | D15: 1720 | E15: 0 | F15: 2248 | G15: =SUM(C15:F15) -> 4981
B16: Grand Total | C16: =SUBTOTAL(9,C4:C15) -> 9310 | D16: =SUBTOTAL(9,D4:D15) -> 20859 | E16: =SUBTOTAL(9,E4:E15) -> 0 | F16: =SUBTOTAL(9,F4:F15) -> 23423 | G16: =SUBTOTAL(9,G4:G15) -> 53592

Sheet PLATE COUNT-D-MESS
A1: STUDENT PLATE COUNT REPORT-APRIL TO MARCH-2023-2024
A2: PLATE COUNT REPORT-D- MESS
A3: S.NO | B3: Break Fast | C3: Break Fast | D3: Lunch | E3: Snacks with Tea | F3: Dinner | G3: Total Plate Count
A4: 1 | B4: Apr-2023 | C4: 24455 | D4: 31425 | E4: 31350 | F4: 31360 | G4: =SUM(C4:F4) -> 118590
A5: 2 | B5: May-2023 | C5: 24240 | D5: 29827 | E5: 32415 | F5: 32415 | G5: =SUM(C5:F5) -> 118897
A6: 3 | B6: Jun-2023 | C6: 1360 | D6: 1655 | E6: 840 | F6: 840 | G6: =SUM(C6:F6) -> 4695
A7: 4 | B7: Jul-2023 | C7: 12465 | D7: 19740 | E7: 21090 | F7: 21090 | G7: =SUM(C7:F7) -> 74385
A8: 5 | B8: Aug-2023 | C8: 24580 | D8: 40135 | E8: 43220 | F8: 43100 | G8: =SUM(C8:F8) -> 151035
A9: 6 | B9: Sep-2023 | C9: 22752 | D9: 37614 | E9: 42907 | F9: 44457 | G9: =SUM(C9:F9) -> 147730
A10: 7 | B10: Oct-2023 | C10: 13135 | D10: 24626 | E10: 24790 | F10: 26240 | G10: =SUM(C10:F10) -> 88791
A11: 8 | B11: Nov-2023 | C11: 12493 | D11: 21964 | E11: 26996 | F11: 26996 | G11: =SUM(C11:F11) -> 88449
A12: 9 | B12: Dec-2023 | C12: 4976 | D12: 8673 | E12: 10715 | F12: 10715 | G12: =SUM(C12:F12) -> 35079
A13: 10 | B13: Jan-2024 | C13: 1395 | D13: 1250 | E13: 3480 | F13: 3480 | G13: =SUM(C13:F13) -> 9605
A14: 11 | B14: Feb-2024 | C14: 22356 | D14: 43656 | E14: 51643 | F14: 51643 | G14: =SUM(C14:F14) -> 169298
A15: 12 | B15: Mar-2024 | C15: 21414 | D15: 49248 | E15: 47967 | F15: 47967 | G15: =SUM(C15:F15) -> 166596
B16: Grand Total | C16: =SUBTOTAL(9,C4:C15) -> 185621 | D16: =SUBTOTAL(9,D4:D15) -> 309813 | E16: =SUBTOTAL(9,E4:E15) -> 337413 | F16: =SUBTOTAL(9,F4:F15) -> 340303 | G16: =SUBTOTAL(9,G4:G15) -> 1173150

Sheet REPORT -D-MESS
A1: SRM IST HOSTEL MESS
A2: D -MESS PLATE COUNT& FOOD WASTAGE -APRIL TO MARCH-2023-2024
C3: Plate Count | D3: Food Wastage | E3: Percantage of Food Wastage % | F3: Plate Count | G3: Food Wastage | H3: Percantage of Food Wastage % | I3: Plate Count | J3: Food Wastage | K3: Percantage of Food Wastage % | L3: Plate Count | M3: Food Wastage | N3: Percantage of Food Wastage % | P3: SRM IST HOSTEL MESS
A4: S.NO | B4: MONTH WISE | C4: Break Fast | D4: Break Fast | E4: Break Fast | F4: Lunch | G4: Lunch | H4: Lunch | I4: Snacks with Tea | J4: Snacks with Tea | K4: Snacks with Tea | L4: Dinner | M4: Dinner | N4: Dinner | P4: D- MESS-PERCEANTAGE OF FOOD WASTAGE-APRIL TO MARCH-2023 TO 2024
A5: 1 | B5: Apr-2023 | C5: =VLOOKUP($B$5:$B$16,'PLATE COUNT-D-MESS'!$B$4:$G$15,2,0) -> 24455 | D5: =VLOOKUP($B$5:$B$16,'FOOD WASTAGE-D-MESS'!$B$4:$G$15,2,0) -> 1006 | E5: =SUM(D5/C5*100) -> 4.1136782 | F5: =VLOOKUP($B$5:$B$16,'PLATE COUNT-D-MESS'!$B$4:$G$15,3,0) -> 31425 | G5: =VLOOKUP($B$5:$B$16,'FOOD WASTAGE-D-MESS'!$B$4:$G$15,3,0) -> 3161 | H5: =SUM(G5/F5*100) -> 10.05887 | I5: =VLOOKUP($B$5:$B$16,'PLATE COUNT-D-MESS'!$B$4:$G$15,4,0) -> 31350 | J5: =VLOOKUP($B$5:$B$16,'FOOD WASTAGE-D-MESS'!$B$4:$G$15,4,0) -> 0 | K5: =IFERROR(SUM(I5/J5),"0") -> 0 | L5: =VLOOKUP($B$5:$B$16,'PLATE COUNT-D-MESS'!$B$4:$G$15,5,0) -> 31360 | M5: =VLOOKUP($B$5:$B$16,'FOOD WASTAGE-D-MESS'!$B$4:$G$15,5,0) -> 3175 | N5: =SUM(M5/L5*100) -> 10.124362 | P5: MONTH WISE | Q5: Break Fast | R5: Lunch | S5: Snaks with Tea | T5: Dinner | U5: MONTH WISE AVERAGE
A6: 2 | B6: May-2023 | C6: =VLOOKUP($B$5:$B$16,'PLATE COUNT-D-MESS'!$B$4:$G$15,2,0) -> 24240 | D6: =VLOOKUP($B$5:$B$16,'FOOD WASTAGE-D-MESS'!$B$4:$G$15,2,0) -> 1023 | E6: =SUM(D6/C6*100) -> 4.220297 | F6: =VLOOKUP($B$5:$B$16,'PLATE COUNT-D-MESS'!$B$4:$G$15,3,0) -> 29827 | G6: =VLOOKUP($B$5:$B$16,'FOOD WASTAGE-D-MESS'!$B$4:$G$15,3,0) -> 3024 | H6: =SUM(G6/F6*100) -> 10.138465 | I6: =VLOOKUP($B$5:$B$16,'PLATE COUNT-D-MESS'!$B$4:$G$15,4,0) -> 32415 | J6: =VLOOKUP($B$5:$B$16,'FOOD WASTAGE-D-MESS'!$B$4:$G$15,4,0) -> 0 | K6: =IFERROR(SUM(I6/J6),"0") -> 0 | L6: =VLOOKUP($B$5:$B$16,'PLATE COUNT-D-MESS'!$B$4:$G$15,5,0) -> 32415 | M6: =VLOOKUP($B$5:$B$16,'FOOD WASTAGE-D-MESS'!$B$4:$G$15,5,0) -> 3754 | N6: =SUM(M6/L6*100) -> 11.581058 | P6: Apr-2023 | Q6: =VLOOKUP($P$6:$P$17,$B$4:$N$16,4,0) -> 4.1136782 | R6: =VLOOKUP($P$6:$P$17,$B$4:$N$16,7,0) -> 10.05887 | S6: =VLOOKUP($P$6:$P$17,$B$4:$N$16,10,0) -> 0 | T6: =VLOOKUP($P$6:$P$17,$B$4:$N$16,13,0) -> 10.124362 | U6: =SUM(Q6:T6)/4 -> 6.0742277
A7: 3 | B7: Jun-2023 | C7: =VLOOKUP($B$5:$B$16,'PLATE COUNT-D-MESS'!$B$4:$G$15,2,0) -> 1360 | D7: =VLOOKUP($B$5:$B$16,'FOOD WASTAGE-D-MESS'!$B$4:$G$15,2,0) -> 15 | E7: =SUM(D7/C7*100) -> 1.1029412 | F7: =VLOOKUP($B$5:$B$16,'PLATE COUNT-D-MESS'!$B$4:$G$15,3,0) -> 1655 | G7: =VLOOKUP($B$5:$B$16,'FOOD WASTAGE-D-MESS'!$B$4:$G$15,3,0) -> 30 | H7: =SUM(G7/F7*100) -> 1.8126888 | I7: =VLOOKUP($B$5:$B$16,'PLATE COUNT-D-MESS'!$B$4:$G$15,4,0) -> 840 | J7: =VLOOKUP($B$5:$B$16,'FOOD WASTAGE-D-MESS'!$B$4:$G$15,4,0) -> 0 | K7: =IFERROR(SUM(I7/J7),"0") -> 0 | L7: =VLOOKUP($B$5:$B$16,'PLATE COUNT-D-MESS'!$B$4:$G$15,5,0) -> 840 | M7: =VLOOKUP($B$5:$B$16,'FOOD WASTAGE-D-MESS'!$B$4:$G$15,5,0) -> 0 | N7: =SUM(M7/L7*100) -> 0 | P7: May-2023 | Q7: =VLOOKUP($P$6:$P$17,$B$4:$N$16,4,0) -> 4.220297 | R7: =VLOOKUP($P$6:$P$17,$B$4:$N$16,7,0) -> 10.138465 | S7: =VLOOKUP($P$6:$P$17,$B$4:$N$16,10,0) -> 0 | T7: =VLOOKUP($P$6:$P$17,$B$4:$N$16,13,0) -> 11.581058 | U7: =SUM(Q7:T7)/4 -> 6.4849551
A8: 4 | B8: Jul-2023 | C8: =VLOOKUP($B$5:$B$16,'PLATE COUNT-D-MESS'!$B$4:$G$15,2,0) -> 12465 | D8: =VLOOKUP($B$5:$B$16,'FOOD WASTAGE-D-MESS'!$B$4:$G$15,2,0) -> 408 | E8: =SUM(D8/C8*100) -> 3.2731649 | F8: =VLOOKUP($B$5:$B$16,'PLATE COUNT-D-MESS'!$B$4:$G$15,3,0) -> 19740 | G8: =VLOOKUP($B$5:$B$16,'FOOD WASTAGE-D-MESS'!$B$4:$G$15,3,0) -> 1095 | H8: =SUM(G8/F8*100) -> 5.5471125 | I8: =VLOOKUP($B$5:$B$16,'PLATE COUNT-D-MESS'!$B$4:$G$15,4,0) -> 21090 | J8: =VLOOKUP($B$5:$B$16,'FOOD WASTAGE-D-MESS'!$B$4:$G$15,4,0) -> 0 | K8: =IFERROR(SUM(I8/J8),"0") -> 0 | L8: =VLOOKUP($B$5:$B$16,'PLATE COUNT-D-MESS'!$B$4:$G$15,5,0) -> 21090 | M8: =VLOOKUP($B$5:$B$16,'FOOD WASTAGE-D-MESS'!$B$4:$G$15,5,0) -> 1117 | N8: =SUM(M8/L8*100) -> 5.296349 | P8: Jun-2023 | Q8: =VLOOKUP($P$6:$P$17,$B$4:$N$16,4,0) -> 1.1029412 | R8: =VLOOKUP($P$6:$P$17,$B$4:$N$16,7,0) -> 1.8126888 | S8: =VLOOKUP($P$6:$P$17,$B$4:$N$16,10,0) -> 0 | T8: =VLOOKUP($P$6:$P$17,$B$4:$N$16,13,0) -> 0 | U8: =SUM(Q8:T8)/4 -> 0.7289075
A9: 5 | B9: Aug-2023 | C9: =VLOOKUP($B$5:$B$16,'PLATE COUNT-D-MESS'!$B$4:$G$15,2,0) -> 24580 | D9: =VLOOKUP($B$5:$B$16,'FOOD WASTAGE-D-MESS'!$B$4:$G$15,2,0) -> 1181 | E9: =SUM(D9/C9*100) -> 4.8047193 | F9: =VLOOKUP($B$5:$B$16,'PLATE COUNT-D-MESS'!$B$4:$G$15,3,0) -> 40135 | G9: =VLOOKUP($B$5:$B$16,'FOOD WASTAGE-D-MESS'!$B$4:$G$15,3,0) -> 2453 | H9: =SUM(G9/F9*100) -> 6.1118724 | I9: =VLOOKUP($B$5:$B$16,'PLATE COUNT-D-MESS'!$B$4:$G$15,4,0) -> 43220 | J9: =VLOOKUP($B$5:$B$16,'FOOD WASTAGE-D-MESS'!$B$4:$G$15,4,0) -> 0 | K9: =IFERROR(SUM(I9/J9),"0") -> 0 | L9: =VLOOKUP($B$5:$B$16,'PLATE COUNT-D-MESS'!$B$4:$G$15,5,0) -> 43100 | M9: =VLOOKUP($B$5:$B$16,'FOOD WASTAGE-D-MESS'!$B$4:$G$15,5,0) -> 2479 | N9: =SUM(M9/L9*100) -> 5.7517401 | P9: Jul-2023 | Q9: =VLOOKUP($P$6:$P$17,$B$4:$N$16,4,0) -> 3.2731649 | R9: =VLOOKUP($P$6:$P$17,$B$4:$N$16,7,0) -> 5.5471125 | S9: =VLOOKUP($P$6:$P$17,$B$4:$N$16,10,0) -> 0 | T9: =VLOOKUP($P$6:$P$17,$B$4:$N$16,13,0) -> 5.296349 | U9: =SUM(Q9:T9)/4 -> 3.5291566
A10: 6 | B10: Sep-2023 | C10: =VLOOKUP($B$5:$B$16,'PLATE COUNT-D-MESS'!$B$4:$G$15,2,0) -> 22752 | D10: =VLOOKUP($B$5:$B$16,'FOOD WASTAGE-D-MESS'!$B$4:$G$15,2,0) -> 1821 | E10: =SUM(D10/C10*100) -> 8.003692 | F10: =VLOOKUP($B$5:$B$16,'PLATE COUNT-D-MESS'!$B$4:$G$15,3,0) -> 37614 | G10: =VLOOKUP($B$5:$B$16,'FOOD WASTAGE-D-MESS'!$B$4:$G$15,3,0) -> 3057 | H10: =SUM(G10/F10*100) -> 8.127293 | I10: =VLOOKUP($B$5:$B$16,'PLATE COUNT-D-MESS'!$B$4:$G$15,4,0) -> 42907 | J10: =VLOOKUP($B$5:$B$16,'FOOD WASTAGE-D-MESS'!$B$4:$G$15,4,0) -> 0 | K10: =IFERROR(SUM(I10/J10),"0") -> 0 | L10: =VLOOKUP($B$5:$B$16,'PLATE COUNT-D-MESS'!$B$4:$G$15,5,0) -> 44457 | M10: =VLOOKUP($B$5:$B$16,'FOOD WASTAGE-D-MESS'!$B$4:$G$15,5,0) -> 3583 | N10: =SUM(M10/L10*100) -> 8.0594732 | P10: Aug-2023 | Q10: =VLOOKUP($P$6:$P$17,$B$4:$N$16,4,0) -> 4.8047193 | R10: =VLOOKUP($P$6:$P$17,$B$4:$N$16,7,0) -> 6.1118724 | S10: =VLOOKUP($P$6:$P$17,$B$4:$N$16,10,0) -> 0 | T10: =VLOOKUP($P$6:$P$17,$B$4:$N$16,13,0) -> 5.7517401 | U10: =SUM(Q10:T10)/4 -> 4.167083
A11: 7 | B11: Oct-2023 | C11: =VLOOKUP($B$5:$B$16,'PLATE COUNT-D-MESS'!$B$4:$G$15,2,0) -> 13135 | D11: =VLOOKUP($B$5:$B$16,'FOOD WASTAGE-D-MESS'!$B$4:$G$15,2,0) -> 745 | E11: =SUM(D11/C11*100) -> 5.6718691 | F11: =VLOOKUP($B$5:$B$16,'PLATE COUNT-D-MESS'!$B$4:$G$15,3,0) -> 24626 | G11: =VLOOKUP($B$5:$B$16,'FOOD WASTAGE-D-MESS'!$B$4:$G$15,3,0) -> 2194 | H11: =SUM(G11/F11*100) -> 8.9092829 | I11: =VLOOKUP($B$5:$B$16,'PLATE COUNT-D-MESS'!$B$4:$G$15,4,0) -> 24790 | J11: =VLOOKUP($B$5:$B$16,'FOOD WASTAGE-D-MESS'!$B$4:$G$15,4,0) -> 0 | K11: =IFERROR(SUM(I11/J11),"0") -> 0 | L11: =VLOOKUP($B$5:$B$16,'PLATE COUNT-D-MESS'!$B$4:$G$15,5,0) -> 26240 | M11: =VLOOKUP($B$5:$B$16,'FOOD WASTAGE-D-MESS'!$B$4:$G$15,5,0) -> 2264 | N11: =SUM(M11/L11*100) -> 8.6280488 | P11: Sep-2023 | Q11: =VLOOKUP($P$6:$P$17,$B$4:$N$16,4,0) -> 8.003692 | R11: =VLOOKUP($P$6:$P$17,$B$4:$N$16,7,0) -> 8.127293 | S11: =VLOOKUP($P$6:$P$17,$B$4:$N$16,10,0) -> 0 | T11: =VLOOKUP($P$6:$P$17,$B$4:$N$16,13,0) -> 8.0594732 | U11: =SUM(Q11:T11)/4 -> 6.0476146
A12: 8 | B12: Nov-2023 | C12: =VLOOKUP($B$5:$B$16,'PLATE COUNT-D-MESS'!$B$4:$G$15,2,0) -> 12493 | D12: =VLOOKUP($B$5:$B$16,'FOOD WASTAGE-D-MESS'!$B$4:$G$15,2,0) -> 1006 | E12: =SUM(D12/C12*100) -> 8.0525094 | F12: =VLOOKUP($B$5:$B$16,'PLATE COUNT-D-MESS'!$B$4:$G$15,3,0) -> 21964 | G12: =VLOOKUP($B$5:$B$16,'FOOD WASTAGE-D-MESS'!$B$4:$G$15,3,0) -> 1977 | H12: =SUM(G12/F12*100) -> 9.0010927 | I12: =VLOOKUP($B$5:$B$16,'PLATE COUNT-D-MESS'!$B$4:$G$15,4,0) -> 26996 | J12: =VLOOKUP($B$5:$B$16,'FOOD WASTAGE-D-MESS'!$B$4:$G$15,4,0) -> 0 | K12: =IFERROR(SUM(I12/J12),"0") -> 0 | L12: =VLOOKUP($B$5:$B$16,'PLATE COUNT-D-MESS'!$B$4:$G$15,5,0) -> 26996 | M12: =VLOOKUP($B$5:$B$16,'FOOD WASTAGE-D-MESS'!$B$4:$G$15,5,0) -> 2411 | N12: =SUM(M12/L12*100) -> 8.9309527 | P12: Oct-2023 | Q12: =VLOOKUP($P$6:$P$17,$B$4:$N$16,4,0) -> 5.6718691 | R12: =VLOOKUP($P$6:$P$17,$B$4:$N$16,7,0) -> 8.9092829 | S12: =VLOOKUP($P$6:$P$17,$B$4:$N$16,10,0) -> 0 | T12: =VLOOKUP($P$6:$P$17,$B$4:$N$16,13,0) -> 8.6280488 | U12: =SUM(Q12:T12)/4 -> 5.8023002
A13: 9 | B13: Dec-2023 | C13: =VLOOKUP($B$5:$B$16,'PLATE COUNT-D-MESS'!$B$4:$G$15,2,0) -> 4976 | D13: =VLOOKUP($B$5:$B$16,'FOOD WASTAGE-D-MESS'!$B$4:$G$15,2,0) -> 205 | E13: =SUM(D13/C13*100) -> 4.1197749 | F13: =VLOOKUP($B$5:$B$16,'PLATE COUNT-D-MESS'!$B$4:$G$15,3,0) -> 8673 | G13: =VLOOKUP($B$5:$B$16,'FOOD WASTAGE-D-MESS'!$B$4:$G$15,3,0) -> 468 | H13: =SUM(G13/F13*100) -> 5.3960567 | I13: =VLOOKUP($B$5:$B$16,'PLATE COUNT-D-MESS'!$B$4:$G$15,4,0) -> 10715 | J13: =VLOOKUP($B$5:$B$16,'FOOD WASTAGE-D-MESS'!$B$4:$G$15,4,0) -> 0 | K13: =IFERROR(SUM(I13/J13),"0") -> 0 | L13: =VLOOKUP($B$5:$B$16,'PLATE COUNT-D-MESS'!$B$4:$G$15,5,0) -> 10715 | M13: =VLOOKUP($B$5:$B$16,'FOOD WASTAGE-D-MESS'!$B$4:$G$15,5,0) -> 525 | N13: =SUM(M13/L13*100) -> 4.8996734 | P13: Nov-2023 | Q13: =VLOOKUP($P$6:$P$17,$B$4:$N$16,4,0) -> 8.0525094 | R13: =VLOOKUP($P$6:$P$17,$B$4:$N$16,7,0) -> 9.0010927 | S13: =VLOOKUP($P$6:$P$17,$B$4:$N$16,10,0) -> 0 | T13: =VLOOKUP($P$6:$P$17,$B$4:$N$16,13,0) -> 8.9309527 | U13: =SUM(Q13:T13)/4 -> 6.4961387
A14: 10 | B14: Jan-2024 | C14: =VLOOKUP($B$5:$B$16,'PLATE COUNT-D-MESS'!$B$4:$G$15,2,0) -> 1395 | D14: =VLOOKUP($B$5:$B$16,'FOOD WASTAGE-D-MESS'!$B$4:$G$15,2,0) -> 0 | E14: =SUM(D14/C14*100) -> 0 | F14: =VLOOKUP($B$5:$B$16,'PLATE COUNT-D-MESS'!$B$4:$G$15,3,0) -> 1250 | G14: =VLOOKUP($B$5:$B$16,'FOOD WASTAGE-D-MESS'!$B$4:$G$15,3,0) -> 0 | H14: =SUM(G14/F14*100) -> 0 | I14: =VLOOKUP($B$5:$B$16,'PLATE COUNT-D-MESS'!$B$4:$G$15,4,0) -> 3480 | J14: =VLOOKUP($B$5:$B$16,'FOOD WASTAGE-D-MESS'!$B$4:$G$15,4,0) -> 0 | K14: =IFERROR(SUM(I14/J14),"0") -> 0 | L14: =VLOOKUP($B$5:$B$16,'PLATE COUNT-D-MESS'!$B$4:$G$15,5,0) -> 3480 | M14: =VLOOKUP($B$5:$B$16,'FOOD WASTAGE-D-MESS'!$B$4:$G$15,5,0) -> 0 | N14: =SUM(M14/L14*100) -> 0 | P14: Dec-2023 | Q14: =VLOOKUP($P$6:$P$17,$B$4:$N$16,4,0) -> 4.1197749 | R14: =VLOOKUP($P$6:$P$17,$B$4:$N$16,7,0) -> 5.3960567 | S14: =VLOOKUP($P$6:$P$17,$B$4:$N$16,10,0) -> 0 | T14: =VLOOKUP($P$6:$P$17,$B$4:$N$16,13,0) -> 4.8996734 | U14: =SUM(Q14:T14)/4 -> 3.6038763
A15: 11 | B15: Feb-2024 | C15: =VLOOKUP($B$5:$B$16,'PLATE COUNT-D-MESS'!$B$4:$G$15,2,0) -> 22356 | D15: =VLOOKUP($B$5:$B$16,'FOOD WASTAGE-D-MESS'!$B$4:$G$15,2,0) -> 887 | E15: =SUM(D15/C15*100) -> 3.967615 | F15: =VLOOKUP($B$5:$B$16,'PLATE COUNT-D-MESS'!$B$4:$G$15,3,0) -> 43656 | G15: =VLOOKUP($B$5:$B$16,'FOOD WASTAGE-D-MESS'!$B$4:$G$15,3,0) -> 1680 | H15: =SUM(G15/F15*100) -> 3.8482683 | I15: =VLOOKUP($B$5:$B$16,'PLATE COUNT-D-MESS'!$B$4:$G$15,4,0) -> 51643 | J15: =VLOOKUP($B$5:$B$16,'FOOD WASTAGE-D-MESS'!$B$4:$G$15,4,0) -> 0 | K15: =IFERROR(SUM(I15/J15),"0") -> 0 | L15: =VLOOKUP($B$5:$B$16,'PLATE COUNT-D-MESS'!$B$4:$G$15,5,0) -> 51643 | M15: =VLOOKUP($B$5:$B$16,'FOOD WASTAGE-D-MESS'!$B$4:$G$15,5,0) -> 1867 | N15: =SUM(M15/L15*100) -> 3.6152044 | P15: Jan-2024 | Q15: =VLOOKUP($P$6:$P$17,$B$4:$N$16,4,0) -> 0 | R15: =VLOOKUP($P$6:$P$17,$B$4:$N$16,7,0) -> 0 | S15: =VLOOKUP($P$6:$P$17,$B$4:$N$16,10,0) -> 0 | T15: =VLOOKUP($P$6:$P$17,$B$4:$N$16,13,0) -> 0 | U15: =SUM(Q15:T15)/4 -> 0
A16: 12 | B16: Mar-2024 | C16: =VLOOKUP($B$5:$B$16,'PLATE COUNT-D-MESS'!$B$4:$G$15,2,0) -> 21414 | D16: =VLOOKUP($B$5:$B$16,'FOOD WASTAGE-D-MESS'!$B$4:$G$15,2,0) -> 1013 | E16: =SUM(D16/C16*100) -> 4.7305501 | F16: =VLOOKUP($B$5:$B$16,'PLATE COUNT-D-MESS'!$B$4:$G$15,3,0) -> 49248 | G16: =VLOOKUP($B$5:$B$16,'FOOD WASTAGE-D-MESS'!$B$4:$G$15,3,0) -> 1720 | H16: =SUM(G16/F16*100) -> 3.4925276 | I16: =VLOOKUP($B$5:$B$16,'PLATE COUNT-D-MESS'!$B$4:$G$15,4,0) -> 47967 | J16: =VLOOKUP($B$5:$B$16,'FOOD WASTAGE-D-MESS'!$B$4:$G$15,4,0) -> 0 | K16: =IFERROR(SUM(I16/J16),"0") -> 0 | L16: =VLOOKUP($B$5:$B$16,'PLATE COUNT-D-MESS'!$B$4:$G$15,5,0) -> 47967 | M16: =VLOOKUP($B$5:$B$16,'FOOD WASTAGE-D-MESS'!$B$4:$G$15,5,0) -> 2248 | N16: =SUM(M16/L16*100) -> 4.6865553 | P16: Feb-2024 | Q16: =VLOOKUP($P$6:$P$17,$B$4:$N$16,4,0) -> 3.967615 | R16: =VLOOKUP($P$6:$P$17,$B$4:$N$16,7,0) -> 3.8482683 | S16: =VLOOKUP($P$6:$P$17,$B$4:$N$16,10,0) -> 0 | T16: =VLOOKUP($P$6:$P$17,$B$4:$N$16,13,0) -> 3.6152044 | U16: =SUM(Q16:T16)/4 -> 2.8577719
B17: Grand Total | C17: =SUBTOTAL(9,C4:C16) -> 185621 | D17: =SUBTOTAL(9,D4:D16) -> 9310 | E17: =SUBTOTAL(9,E4:E16) -> 52.060811 | F17: =SUBTOTAL(9,F4:F16) -> 309813 | G17: =SUBTOTAL(9,G4:G16) -> 20859 | H17: =SUBTOTAL(9,H4:H16) -> 72.44353 | I17: =SUBTOTAL(9,I4:I16) -> 337413 | J17: =SUBTOTAL(9,J4:J16) -> 0 | ... N17: =SUBTOTAL(9,N4:N16) -> 71.573417 | P17: Mar-2024 | Q17: =VLOOKUP($P$6:$P$17,$B$4:$N$16,4,0) -> 4.7305501 | R17: =VLOOKUP($P$6:$P$17,$B$4:$N$16,7,0) -> 3.4925276 | S17: =VLOOKUP($P$6:$P$17,$B$4:$N$16,10,0) -> 0 | T17: =VLOOKUP($P$6:$P$17,$B$4:$N$16,13,0) -> 4.6865553 | U17: =SUM(Q17:T17)/4 -> 3.2274083
P18: YEAR WISE FOOE WASTAGE -D-MESS (APRIL TO MARCH-2023 TO 2024) | U18: =SUM(U6:U17)/(12) -> 4.0849533

Sheet FOOD WASTAGE-SENBAGAM MESS
A1: FOOD WASTAGE REPORT-APRIL TO MARCH-2023-2024
A2: MESS WISE REPORT-SENBAGAM MESS
A3: S.NO | B3: MONTH WISE | C3: Break Fast | D3: Lunch | E3: Snacks with Tea | F3: Dinner | G3: TOTAL FOOD WASTAGE
A4: 1 | B4: Apr-2023 | C4: 1131 | D4: 2109 | E4: 0 | F4: 1918 | G4: =SUM(C4:F4) -> 5158
A5: 2 | B5: May-2023 | C5: 1101 | D5: 1559 | E5: 0 | F5: 2017 | G5: =SUM(C5:F5) -> 4677
A6: 3 | B6: Jun-2023 | C6: 552 | D6: 834 | E6: 0 | F6: 903 | G6: =SUM(C6:F6) -> 2289
A7: 4 | B7: Jul-2023 | C7: 692 | D7: 983 | E7: 0 | F7: 1171 | G7: =SUM(C7:F7) -> 2846
A8: 5 | B8: Aug-2023 | C8: 926 | D8: 1180 | E8: 0 | F8: 1454 | G8: =SUM(C8:F8) -> 3560
A9: 6 | B9: Sep-2023 | C9: 768 | D9: 1160 | E9: 0 | F9: 1434 | G9: =SUM(C9:F9) -> 3362
A10: 7 | B10: Oct-2023 | C10: 767 | D10: 1162 | E10: 0 | F10: 1428 | G10: =SUM(C10:F10) -> 3357
A11: 8 | B11: Nov-2023 | C11: 656 | D11: 1094 | E11: 0 | F11: 1241 | G11: =SUM(C11:F11) -> 2991
A12: 9 | B12: Dec-2023 | C12: 389 | D12: 659 | E12: 0 | F12: 838 | G12: =SUM(C12:F12) -> 1886
A13: 10 | B13: Jan-2024 | C13: 254 | D13: 424 | E13: 0 | F13: 530 | G13: =SUM(C13:F13) -> 1208
A14: 11 | B14: Feb-2024 | C14: 532 | D14: 971 | E14: 0 | F14: 1156 | G14: =SUM(C14:F14) -> 2659
A15: 12 | B15: Mar-2024 | C15: 596 | D15: 1096 | E15: 0 | F15: 1246 | G15: =SUM(C15:F15) -> 2938
B16: Grand Total | C16: =SUBTOTAL(9,C4:C15) -> 8364 | D16: =SUBTOTAL(9,D4:D15) -> 13231 | E16: =SUBTOTAL(9,E4:E15) -> 0 | F16: =SUBTOTAL(9,F4:F15) -> 15336 | G16: =SUBTOTAL(9,G4:G15) -> 36931

Sheet PLATE COUNT-SENBAGAM MESS
A1: STUDENT PLATE COUNT REPORT-APRIL TO MARCH-2023-2024
A2: PLATE COUNT REPORT-SENBAGAM MESS
A3: S.NO | B3: Break Fast | C3: Break Fast | D3: Lunch | E3: Snacks with Tea | F3: Dinner | G3: Total Plate Count
A4: 1 | B4: Apr-2023 | C4: 18560 | D4: 23780 | E4: 25070 | F4: 24990 | G4: =SUM(C4:F4) -> 92400
A5: 2 | B5: May-2023 | C5: 19820 | D5: 22415 | E5: 24565 | F5: 24155 | G5: =SUM(C5:F5) -> 90955
A6: 3 | B6: Jun-2023 | C6: 9630 | D6: 10435 | E6: 11113 | F6: 11048 | G6: =SUM(C6:F6) -> 42226
A7: 4 | B7: Jul-2023 | C7: 18070 | D7: 20685 | E7: 22218 | F7: 22218 | G7: =SUM(C7:F7) -> 83191
A8: 5 | B8: Aug-2023 | C8: 28621 | D8: 33720 | E8: 37262 | F8: 37262 | G8: =SUM(C8:F8) -> 136865
A9: 6 | B9: Sep-2023 | C9: 25850 | D9: 33820 | E9: 36740 | F9: 36770 | G9: =SUM(C9:F9) -> 133180
A10: 7 | B10: Oct-2023 | C10: 23980 | D10: 37370 | E10: 43070 | F10: 43070 | G10: =SUM(C10:F10) -> 147490
A11: 8 | B11: Nov-2023 | C11: 25900 | D11: 35500 | E11: 39475 | F11: 39475 | G11: =SUM(C11:F11) -> 140350
A12: 9 | B12: Dec-2023 | C12: 15635 | D12: 20235 | E12: 21520 | F12: 21640 | G12: =SUM(C12:F12) -> 79030
A13: 10 | B13: Jan-2024 | C13: 20310 | D13: 24910 | E13: 26700 | F13: 27480 | G13: =SUM(C13:F13) -> 99400
A14: 11 | B14: Feb-2024 | C14: 28741 | D14: 42120 | E14: 44180 | F14: 44180 | G14: =SUM(C14:F14) -> 159221
A15: 12 | B15: Mar-2024 | C15: 28770 | D15: 45250 | E15: 46430 | F15: 46430 | G15: =SUM(C15:F15) -> 166880
B16: Grand Total | C16: =SUBTOTAL(9,C4:C15) -> 263887 | D16: =SUBTOTAL(9,D4:D15) -> 350240 | E16: =SUBTOTAL(9,E4:E15) -> 378343 | F16: =SUBTOTAL(9,F4:F15) -> 378718 | G16: =SUBTOTAL(9,G4:G15) -> 1371188

Sheet REPORT -SENBAGAM MESS
A1: SRM IST HOSTEL MESS
A2: SENBAGAM -MESS PLATE COUNT& FOOD WASTAGE -APRIL TO MARCH-2023-2024
C3: Plate Count | D3: Food Wastage | E3: Percantage of Food Wastage % | F3: Plate Count | G3: Food Wastage | H3: Percantage of Food Wastage % | I3: Plate Count | J3: Food Wastage | K3: Percantage of Food Wastage % | L3: Plate Count | M3: Food Wastage | N3: Percantage of Food Wastage % | P3: SRM IST HOSTEL MESS
A4: S.NO | B4: MONTH WISE | C4: Break Fast | D4: Break Fast | E4: Break Fast | F4: Lunch | G4: Lunch | H4: Lunch | I4: Snacks with Tea | J4: Snacks with Tea | K4: Snacks with Tea | L4: Dinner | M4: Dinner | N4: Dinner | P4: SENBAGAM MESS-PERCEANTAGE OF FOOD WASTAGE-APRIL TO MARCH-2023 TO 2024
A5: 1 | B5: Apr-2023 | C5: =VLOOKUP($B$5:$B$16,'PLATE COUNT-SENBAGAM MESS'!$B$4:$F$15,2,0) -> 18560 | D5: =VLOOKUP($B$5:$B$16,'FOOD WASTAGE-SENBAGAM MESS'!$B$4:$G$15,2,0) -> 1131 | E5: =IFERROR(SUM(D5/C5*100),"0") -> 6.09375 | F5: =VLOOKUP($B$5:$B$16,'PLATE COUNT-SENBAGAM MESS'!$B$4:$F$15,3,0) -> 23780 | G5: =VLOOKUP($B$5:$B$16,'FOOD WASTAGE-SENBAGAM MESS'!$B$4:$G$15,3,0) -> 2109 | H5: =IFERROR(SUM(G5/F5*100),"0") -> 8.8687973 | I5: =VLOOKUP($B$5:$B$16,'PLATE COUNT-SENBAGAM MESS'!$B$4:$F$15,4,0) -> 25070 | J5: =VLOOKUP($B$5:$B$16,'FOOD WASTAGE-SENBAGAM MESS'!$B$4:$G$15,4,0) -> 0 | K5: =IFERROR(SUM(I5/J5),"0") -> 0 | L5: =VLOOKUP($B$5:$B$16,'PLATE COUNT-SENBAGAM MESS'!$B$4:$F$15,5,0) -> 24990 | M5: =VLOOKUP($B$5:$B$16,'FOOD WASTAGE-SENBAGAM MESS'!$B$4:$G$15,5,0) -> 1918 | N5: =IFERROR(SUM(M5/L5*100),"0") -> 7.67507 | P5: MONTH WISE | Q5: Break Fast | R5: Lunch | S5: Snacks with Tea | T5: Dinner | U5: MONTH WISE AVERAGE
A6: 2 | B6: May-2023 | C6: =VLOOKUP($B$5:$B$16,'PLATE COUNT-SENBAGAM MESS'!$B$4:$F$15,2,0) -> 19820 | D6: =VLOOKUP($B$5:$B$16,'FOOD WASTAGE-SENBAGAM MESS'!$B$4:$G$15,2,0) -> 1101 | E6: =IFERROR(SUM(D6/C6*100),"0") -> 5.554995 | F6: =VLOOKUP($B$5:$B$16,'PLATE COUNT-SENBAGAM MESS'!$B$4:$F$15,3,0) -> 22415 | G6: =VLOOKUP($B$5:$B$16,'FOOD WASTAGE-SENBAGAM MESS'!$B$4:$G$15,3,0) -> 1559 | H6: =IFERROR(SUM(G6/F6*100),"0") -> 6.955164 | I6: =VLOOKUP($B$5:$B$16,'PLATE COUNT-SENBAGAM MESS'!$B$4:$F$15,4,0) -> 24565 | J6: =VLOOKUP($B$5:$B$16,'FOOD WASTAGE-SENBAGAM MESS'!$B$4:$G$15,4,0) -> 0 | K6: =IFERROR(SUM(I6/J6),"0") -> 0 | L6: =VLOOKUP($B$5:$B$16,'PLATE COUNT-SENBAGAM MESS'!$B$4:$F$15,5,0) -> 24155 | M6: =VLOOKUP($B$5:$B$16,'FOOD WASTAGE-SENBAGAM MESS'!$B$4:$G$15,5,0) -> 2017 | N6: =IFERROR(SUM(M6/L6*100),"0") -> 8.350238 | P6: Apr-2023 | Q6: =VLOOKUP($P$6:$P$17,$B$4:$N$16,4,0) -> 6.09375 | R6: =VLOOKUP($P$6:$P$17,$B$4:$N$16,7,0) -> 8.8687973 | S6: =VLOOKUP($P$6:$P$17,$B$4:$N$16,10,0) -> 0 | T6: =VLOOKUP($P$6:$P$17,$B$4:$N$16,13,0) -> 7.67507 | U6: =SUM(Q6:T6)/4 -> 5.6594043
A7: 3 | B7: Jun-2023 | C7: =VLOOKUP($B$5:$B$16,'PLATE COUNT-SENBAGAM MESS'!$B$4:$F$15,2,0) -> 9630 | D7: =VLOOKUP($B$5:$B$16,'FOOD WASTAGE-SENBAGAM MESS'!$B$4:$G$15,2,0) -> 552 | E7: =IFERROR(SUM(D7/C7*100),"0") -> 5.7320872 | F7: =VLOOKUP($B$5:$B$16,'PLATE COUNT-SENBAGAM MESS'!$B$4:$F$15,3,0) -> 10435 | G7: =VLOOKUP($B$5:$B$16,'FOOD WASTAGE-SENBAGAM MESS'!$B$4:$G$15,3,0) -> 834 | H7: =IFERROR(SUM(G7/F7*100),"0") -> 7.9923335 | I7: =VLOOKUP($B$5:$B$16,'PLATE COUNT-SENBAGAM MESS'!$B$4:$F$15,4,0) -> 11113 | J7: =VLOOKUP($B$5:$B$16,'FOOD WASTAGE-SENBAGAM MESS'!$B$4:$G$15,4,0) -> 0 | K7: =IFERROR(SUM(I7/J7),"0") -> 0 | L7: =VLOOKUP($B$5:$B$16,'PLATE COUNT-SENBAGAM MESS'!$B$4:$F$15,5,0) -> 11048 | M7: =VLOOKUP($B$5:$B$16,'FOOD WASTAGE-SENBAGAM MESS'!$B$4:$G$15,5,0) -> 903 | N7: =IFERROR(SUM(M7/L7*100),"0") -> 8.1734251 | P7: May-2023 | Q7: =VLOOKUP($P$6:$P$17,$B$4:$N$16,4,0) -> 5.554995 | R7: =VLOOKUP($P$6:$P$17,$B$4:$N$16,7,0) -> 6.955164 | S7: =VLOOKUP($P$6:$P$17,$B$4:$N$16,10,0) -> 0 | T7: =VLOOKUP($P$6:$P$17,$B$4:$N$16,13,0) -> 8.350238 | U7: =SUM(Q7:T7)/4 -> 5.2150992
A8: 4 | B8: Jul-2023 | C8: =VLOOKUP($B$5:$B$16,'PLATE COUNT-SENBAGAM MESS'!$B$4:$F$15,2,0) -> 18070 | D8: =VLOOKUP($B$5:$B$16,'FOOD WASTAGE-SENBAGAM MESS'!$B$4:$G$15,2,0) -> 692 | E8: =IFERROR(SUM(D8/C8*100),"0") -> 3.8295517 | F8: =VLOOKUP($B$5:$B$16,'PLATE COUNT-SENBAGAM MESS'!$B$4:$F$15,3,0) -> 20685 | G8: =VLOOKUP($B$5:$B$16,'FOOD WASTAGE-SENBAGAM MESS'!$B$4:$G$15,3,0) -> 983 | H8: =IFERROR(SUM(G8/F8*100),"0") -> 4.7522359 | I8: =VLOOKUP($B$5:$B$16,'PLATE COUNT-SENBAGAM MESS'!$B$4:$F$15,4,0) -> 22218 | J8: =VLOOKUP($B$5:$B$16,'FOOD WASTAGE-SENBAGAM MESS'!$B$4:$G$15,4,0) -> 0 | K8: =IFERROR(SUM(I8/J8),"0") -> 0 | L8: =VLOOKUP($B$5:$B$16,'PLATE COUNT-SENBAGAM MESS'!$B$4:$F$15,5,0) -> 22218 | M8: =VLOOKUP($B$5:$B$16,'FOOD WASTAGE-SENBAGAM MESS'!$B$4:$G$15,5,0) -> 1171 | N8: =IFERROR(SUM(M8/L8*100),"0") -> 5.2705014 | P8: Jun-2023 | Q8: =VLOOKUP($P$6:$P$17,$B$4:$N$16,4,0) -> 5.7320872 | R8: =VLOOKUP($P$6:$P$17,$B$4:$N$16,7,0) -> 7.9923335 | S8: =VLOOKUP($P$6:$P$17,$B$4:$N$16,10,0) -> 0 | T8: =VLOOKUP($P$6:$P$17,$B$4:$N$16,13,0) -> 8.1734251 | U8: =SUM(Q8:T8)/4 -> 5.4744614
A9: 5 | B9: Aug-2023 | C9: =VLOOKUP($B$5:$B$16,'PLATE COUNT-SENBAGAM MESS'!$B$4:$F$15,2,0) -> 28621 | D9: =VLOOKUP($B$5:$B$16,'FOOD WASTAGE-SENBAGAM MESS'!$B$4:$G$15,2,0) -> 926 | E9: =IFERROR(SUM(D9/C9*100),"0") -> 3.2353866 | F9: =VLOOKUP($B$5:$B$16,'PLATE COUNT-SENBAGAM MESS'!$B$4:$F$15,3,0) -> 33720 | G9: =VLOOKUP($B$5:$B$16,'FOOD WASTAGE-SENBAGAM MESS'!$B$4:$G$15,3,0) -> 1180 | H9: =IFERROR(SUM(G9/F9*100),"0") -> 3.4994069 | I9: =VLOOKUP($B$5:$B$16,'PLATE COUNT-SENBAGAM MESS'!$B$4:$F$15,4,0) -> 37262 | J9: =VLOOKUP($B$5:$B$16,'FOOD WASTAGE-SENBAGAM MESS'!$B$4:$G$15,4,0) -> 0 | K9: =IFERROR(SUM(I9/J9),"0") -> 0 | L9: =VLOOKUP($B$5:$B$16,'PLATE COUNT-SENBAGAM MESS'!$B$4:$F$15,5,0) -> 37262 | M9: =VLOOKUP($B$5:$B$16,'FOOD WASTAGE-SENBAGAM MESS'!$B$4:$G$15,5,0) -> 1454 | N9: =IFERROR(SUM(M9/L9*100),"0") -> 3.9020987 | P9: Jul-2023 | Q9: =VLOOKUP($P$6:$P$17,$B$4:$N$16,4,0) -> 3.8295517 | R9: =VLOOKUP($P$6:$P$17,$B$4:$N$16,7,0) -> 4.7522359 | S9: =VLOOKUP($P$6:$P$17,$B$4:$N$16,10,0) -> 0 | T9: =VLOOKUP($P$6:$P$17,$B$4:$N$16,13,0) -> 5.2705014 | U9: =SUM(Q9:T9)/4 -> 3.4630723
A10: 6 | B10: Sep-2023 | C10: =VLOOKUP($B$5:$B$16,'PLATE COUNT-SENBAGAM MESS'!$B$4:$F$15,2,0) -> 25850 | D10: =VLOOKUP($B$5:$B$16,'FOOD WASTAGE-SENBAGAM MESS'!$B$4:$G$15,2,0) -> 768 | E10: =IFERROR(SUM(D10/C10*100),"0") -> 2.9709865 | F10: =VLOOKUP($B$5:$B$16,'PLATE COUNT-SENBAGAM MESS'!$B$4:$F$15,3,0) -> 33820 | G10: =VLOOKUP($B$5:$B$16,'FOOD WASTAGE-SENBAGAM MESS'!$B$4:$G$15,3,0) -> 1160 | H10: =IFERROR(SUM(G10/F10*100),"0") -> 3.4299231 | I10: =VLOOKUP($B$5:$B$16,'PLATE COUNT-SENBAGAM MESS'!$B$4:$F$15,4,0) -> 36740 | J10: =VLOOKUP($B$5:$B$16,'FOOD WASTAGE-SENBAGAM MESS'!$B$4:$G$15,4,0) -> 0 | K10: =IFERROR(SUM(I10/J10),"0") -> 0 | L10: =VLOOKUP($B$5:$B$16,'PLATE COUNT-SENBAGAM MESS'!$B$4:$F$15,5,0) -> 36770 | M10: =VLOOKUP($B$5:$B$16,'FOOD WASTAGE-SENBAGAM MESS'!$B$4:$G$15,5,0) -> 1434 | N10: =IFERROR(SUM(M10/L10*100),"0") -> 3.8999184 | P10: Aug-2023 | Q10: =VLOOKUP($P$6:$P$17,$B$4:$N$16,4,0) -> 3.2353866 | R10: =VLOOKUP($P$6:$P$17,$B$4:$N$16,7,0) -> 3.4994069 | S10: =VLOOKUP($P$6:$P$17,$B$4:$N$16,10,0) -> 0 | T10: =VLOOKUP($P$6:$P$17,$B$4:$N$16,13,0) -> 3.9020987 | U10: =SUM(Q10:T10)/4 -> 2.659223
A11: 7 | B11: Oct-2023 | C11: =VLOOKUP($B$5:$B$16,'PLATE COUNT-SENBAGAM MESS'!$B$4:$F$15,2,0) -> 23980 | D11: =VLOOKUP($B$5:$B$16,'FOOD WASTAGE-SENBAGAM MESS'!$B$4:$G$15,2,0) -> 767 | E11: =IFERROR(SUM(D11/C11*100),"0") -> 3.1984987 | F11: =VLOOKUP($B$5:$B$16,'PLATE COUNT-SENBAGAM MESS'!$B$4:$F$15,3,0) -> 37370 | G11: =VLOOKUP($B$5:$B$16,'FOOD WASTAGE-SENBAGAM MESS'!$B$4:$G$15,3,0) -> 1162 | H11: =IFERROR(SUM(G11/F11*100),"0") -> 3.1094461 | I11: =VLOOKUP($B$5:$B$16,'PLATE COUNT-SENBAGAM MESS'!$B$4:$F$15,4,0) -> 43070 | J11: =VLOOKUP($B$5:$B$16,'FOOD WASTAGE-SENBAGAM MESS'!$B$4:$G$15,4,0) -> 0 | K11: =IFERROR(SUM(I11/J11),"0") -> 0 | L11: =VLOOKUP($B$5:$B$16,'PLATE COUNT-SENBAGAM MESS'!$B$4:$F$15,5,0) -> 43070 | M11: =VLOOKUP($B$5:$B$16,'FOOD WASTAGE-SENBAGAM MESS'!$B$4:$G$15,5,0) -> 1428 | N11: =IFERROR(SUM(M11/L11*100),"0") -> 3.3155329 | P11: Sep-2023 | Q11: =VLOOKUP($P$6:$P$17,$B$4:$N$16,4,0) -> 2.9709865 | R11: =VLOOKUP($P$6:$P$17,$B$4:$N$16,7,0) -> 3.4299231 | S11: =VLOOKUP($P$6:$P$17,$B$4:$N$16,10,0) -> 0 | T11: =VLOOKUP($P$6:$P$17,$B$4:$N$16,13,0) -> 3.8999184 | U11: =SUM(Q11:T11)/4 -> 2.575207
A12: 8 | B12: Nov-2023 | C12: =VLOOKUP($B$5:$B$16,'PLATE COUNT-SENBAGAM MESS'!$B$4:$F$15,2,0) -> 25900 | D12: =VLOOKUP($B$5:$B$16,'FOOD WASTAGE-SENBAGAM MESS'!$B$4:$G$15,2,0) -> 656 | E12: =IFERROR(SUM(D12/C12*100),"0") -> 2.5328185 | F12: =VLOOKUP($B$5:$B$16,'PLATE COUNT-SENBAGAM MESS'!$B$4:$F$15,3,0) -> 35500 | G12: =VLOOKUP($B$5:$B$16,'FOOD WASTAGE-SENBAGAM MESS'!$B$4:$G$15,3,0) -> 1094 | H12: =IFERROR(SUM(G12/F12*100),"0") -> 3.0816901 | I12: =VLOOKUP($B$5:$B$16,'PLATE COUNT-SENBAGAM MESS'!$B$4:$F$15,4,0) -> 39475 | J12: =VLOOKUP($B$5:$B$16,'FOOD WASTAGE-SENBAGAM MESS'!$B$4:$G$15,4,0) -> 0 | K12: =IFERROR(SUM(I12/J12),"0") -> 0 | L12: =VLOOKUP($B$5:$B$16,'PLATE COUNT-SENBAGAM MESS'!$B$4:$F$15,5,0) -> 39475 | M12: =VLOOKUP($B$5:$B$16,'FOOD WASTAGE-SENBAGAM MESS'!$B$4:$G$15,5,0) -> 1241 | N12: =IFERROR(SUM(M12/L12*100),"0") -> 3.1437619 | P12: Oct-2023 | Q12: =VLOOKUP($P$6:$P$17,$B$4:$N$16,4,0) -> 3.1984987 | R12: =VLOOKUP($P$6:$P$17,$B$4:$N$16,7,0) -> 3.1094461 | S12: =VLOOKUP($P$6:$P$17,$B$4:$N$16,10,0) -> 0 | T12: =VLOOKUP($P$6:$P$17,$B$4:$N$16,13,0) -> 3.3155329 | U12: =SUM(Q12:T12)/4 -> 2.4058694
A13: 9 | B13: Dec-2023 | C13: =VLOOKUP($B$5:$B$16,'PLATE COUNT-SENBAGAM MESS'!$B$4:$F$15,2,0) -> 15635 | D13: =VLOOKUP($B$5:$B$16,'FOOD WASTAGE-SENBAGAM MESS'!$B$4:$G$15,2,0) -> 389 | E13: =IFERROR(SUM(D13/C13*100),"0") -> 2.4880077 | F13: =VLOOKUP($B$5:$B$16,'PLATE COUNT-SENBAGAM MESS'!$B$4:$F$15,3,0) -> 20235 | G13: =VLOOKUP($B$5:$B$16,'FOOD WASTAGE-SENBAGAM MESS'!$B$4:$G$15,3,0) -> 659 | H13: =IFERROR(SUM(G13/F13*100),"0") -> 3.2567334 | I13: =VLOOKUP($B$5:$B$16,'PLATE COUNT-SENBAGAM MESS'!$B$4:$F$15,4,0) -> 21520 | J13: =VLOOKUP($B$5:$B$16,'FOOD WASTAGE-SENBAGAM MESS'!$B$4:$G$15,4,0) -> 0 | K13: =IFERROR(SUM(I13/J13),"0") -> 0 | L13: =VLOOKUP($B$5:$B$16,'PLATE COUNT-SENBAGAM MESS'!$B$4:$F$15,5,0) -> 21640 | M13: =VLOOKUP($B$5:$B$16,'FOOD WASTAGE-SENBAGAM MESS'!$B$4:$G$15,5,0) -> 838 | N13: =IFERROR(SUM(M13/L13*100),"0") -> 3.8724584 | P13: Nov-2023 | Q13: =VLOOKUP($P$6:$P$17,$B$4:$N$16,4,0) -> 2.5328185 | R13: =VLOOKUP($P$6:$P$17,$B$4:$N$16,7,0) -> 3.0816901 | S13: =VLOOKUP($P$6:$P$17,$B$4:$N$16,10,0) -> 0 | T13: =VLOOKUP($P$6:$P$17,$B$4:$N$16,13,0) -> 3.1437619 | U13: =SUM(Q13:T13)/4 -> 2.1895676
A14: 10 | B14: Jan-2024 | C14: =VLOOKUP($B$5:$B$16,'PLATE COUNT-SENBAGAM MESS'!$B$4:$F$15,2,0) -> 20310 | D14: =VLOOKUP($B$5:$B$16,'FOOD WASTAGE-SENBAGAM MESS'!$B$4:$G$15,2,0) -> 254 | E14: =IFERROR(SUM(D14/C14*100),"0") -> 1.2506155 | F14: =VLOOKUP($B$5:$B$16,'PLATE COUNT-SENBAGAM MESS'!$B$4:$F$15,3,0) -> 24910 | G14: =VLOOKUP($B$5:$B$16,'FOOD WASTAGE-SENBAGAM MESS'!$B$4:$G$15,3,0) -> 424 | H14: =IFERROR(SUM(G14/F14*100),"0") -> 1.7021277 | I14: =VLOOKUP($B$5:$B$16,'PLATE COUNT-SENBAGAM MESS'!$B$4:$F$15,4,0) -> 26700 | J14: =VLOOKUP($B$5:$B$16,'FOOD WASTAGE-SENBAGAM MESS'!$B$4:$G$15,4,0) -> 0 | K14: =IFERROR(SUM(I14/J14),"0") -> 0 | L14: =VLOOKUP($B$5:$B$16,'PLATE COUNT-SENBAGAM MESS'!$B$4:$F$15,5,0) -> 27480 | M14: =VLOOKUP($B$5:$B$16,'FOOD WASTAGE-SENBAGAM MESS'!$B$4:$G$15,5,0) -> 530 | N14: =IFERROR(SUM(M14/L14*100),"0") -> 1.9286754 | P14: Dec-2023 | Q14: =VLOOKUP($P$6:$P$17,$B$4:$N$16,4,0) -> 2.4880077 | R14: =VLOOKUP($P$6:$P$17,$B$4:$N$16,7,0) -> 3.2567334 | S14: =VLOOKUP($P$6:$P$17,$B$4:$N$16,10,0) -> 0 | T14: =VLOOKUP($P$6:$P$17,$B$4:$N$16,13,0) -> 3.8724584 | U14: =SUM(Q14:T14)/4 -> 2.4042999
A15: 11 | B15: Feb-2024 | C15: =VLOOKUP($B$5:$B$16,'PLATE COUNT-SENBAGAM MESS'!$B$4:$F$15,2,0) -> 28741 | D15: =VLOOKUP($B$5:$B$16,'FOOD WASTAGE-SENBAGAM MESS'!$B$4:$G$15,2,0) -> 532 | E15: =IFERROR(SUM(D15/C15*100),"0") -> 1.8510142 | F15: =VLOOKUP($B$5:$B$16,'PLATE COUNT-SENBAGAM MESS'!$B$4:$F$15,3,0) -> 42120 | G15: =VLOOKUP($B$5:$B$16,'FOOD WASTAGE-SENBAGAM MESS'!$B$4:$G$15,3,0) -> 971 | H15: =IFERROR(SUM(G15/F15*100),"0") -> 2.3053181 | I15: =VLOOKUP($B$5:$B$16,'PLATE COUNT-SENBAGAM MESS'!$B$4:$F$15,4,0) -> 44180 | J15: =VLOOKUP($B$5:$B$16,'FOOD WASTAGE-SENBAGAM MESS'!$B$4:$G$15,4,0) -> 0 | K15: =IFERROR(SUM(I15/J15),"0") -> 0 | L15: =VLOOKUP($B$5:$B$16,'PLATE COUNT-SENBAGAM MESS'!$B$4:$F$15,5,0) -> 44180 | M15: =VLOOKUP($B$5:$B$16,'FOOD WASTAGE-SENBAGAM MESS'!$B$4:$G$15,5,0) -> 1156 | N15: =IFERROR(SUM(M15/L15*100),"0") -> 2.6165686 | P15: Jan-2024 | Q15: =VLOOKUP($P$6:$P$17,$B$4:$N$16,4,0) -> 1.2506155 | R15: =VLOOKUP($P$6:$P$17,$B$4:$N$16,7,0) -> 1.7021277 | S15: =VLOOKUP($P$6:$P$17,$B$4:$N$16,10,0) -> 0 | T15: =VLOOKUP($P$6:$P$17,$B$4:$N$16,13,0) -> 1.9286754 | U15: =SUM(Q15:T15)/4 -> 1.2203546
A16: 12 | B16: Mar-2024 | C16: =VLOOKUP($B$5:$B$16,'PLATE COUNT-SENBAGAM MESS'!$B$4:$F$15,2,0) -> 28770 | D16: =VLOOKUP($B$5:$B$16,'FOOD WASTAGE-SENBAGAM MESS'!$B$4:$G$15,2,0) -> 596 | E16: =IFERROR(SUM(D16/C16*100),"0") -> 2.0716024 | F16: =VLOOKUP($B$5:$B$16,'PLATE COUNT-SENBAGAM MESS'!$B$4:$F$15,3,0) -> 45250 | G16: =VLOOKUP($B$5:$B$16,'FOOD WASTAGE-SENBAGAM MESS'!$B$4:$G$15,3,0) -> 1096 | H16: =IFERROR(SUM(G16/F16*100),"0") -> 2.4220994 | I16: =VLOOKUP($B$5:$B$16,'PLATE COUNT-SENBAGAM MESS'!$B$4:$F$15,4,0) -> 46430 | J16: =VLOOKUP($B$5:$B$16,'FOOD WASTAGE-SENBAGAM MESS'!$B$4:$G$15,4,0) -> 0 | K16: =IFERROR(SUM(I16/J16),"0") -> 0 | L16: =VLOOKUP($B$5:$B$16,'PLATE COUNT-SENBAGAM MESS'!$B$4:$F$15,5,0) -> 46430 | M16: =VLOOKUP($B$5:$B$16,'FOOD WASTAGE-SENBAGAM MESS'!$B$4:$G$15,5,0) -> 1246 | N16: =IFERROR(SUM(M16/L16*100),"0") -> 2.6836097 | P16: Feb-2024 | Q16: =VLOOKUP($P$6:$P$17,$B$4:$N$16,4,0) -> 1.8510142 | R16: =VLOOKUP($P$6:$P$17,$B$4:$N$16,7,0) -> 2.3053181 | S16: =VLOOKUP($P$6:$P$17,$B$4:$N$16,10,0) -> 0 | T16: =VLOOKUP($P$6:$P$17,$B$4:$N$16,13,0) -> 2.6165686 | U16: =SUM(Q16:T16)/4 -> 1.6932252
B17: Grand Total | C17: =SUBTOTAL(9,C4:C16) -> 263887 | D17: =SUBTOTAL(9,D4:D16) -> 8364 | E17: =SUBTOTAL(9,E4:E16) -> 40.809314 | F17: =SUBTOTAL(9,F4:F16) -> 350240 | G17: =SUBTOTAL(9,G4:G16) -> 13231 | H17: =SUBTOTAL(9,H4:H16) -> 51.375276 | I17: =SUBTOTAL(9,I4:I16) -> 378343 | J17: =SUBTOTAL(9,J4:J16) -> 0 | ... N17: =SUBTOTAL(9,N4:N16) -> 54.831858 | P17: Mar-2024 | Q17: =VLOOKUP($P$6:$P$17,$B$4:$N$16,4,0) -> 2.0716024 | R17: =VLOOKUP($P$6:$P$17,$B$4:$N$16,7,0) -> 2.4220994 | S17: =VLOOKUP($P$6:$P$17,$B$4:$N$16,10,0) -> 0 | T17: =VLOOKUP($P$6:$P$17,$B$4:$N$16,13,0) -> 2.6836097 | U17: =SUM(Q17:T17)/4 -> 1.7943279
P18: YEAR WISE FOOE WASTAGE -SENBAGAM-MESS (APRIL TO MARCH-2023 TO 2024) | U18: =SUM(U6:U17)/(12) -> 3.0628427

Sheet FOOD WASTAGE-J-MESS
A1: FOOD WASTAGE REPORT-APRIL TO MARCH-2023-2024
A2: MESS WISE REPORT-J-MESS
A3: S.NO | B3: MONTH WISE | C3: Break Fast | D3: Lunch | E3: Snacks with Tea | F3: Dinner | G3: TOTAL FOOD WASTAGE
A4: 1 | B4: Apr-2023 | C4: 892 | D4: 2577 | E4: 0 | F4: 2661 | G4: =SUM(C4:F4) -> 6130
A5: 2 | B5: May-2023 | C5: 968 | D5: 2616 | E5: 0 | F5: 2750 | G5: =SUM(C5:F5) -> 6334
A6: 3 | B6: Jun-2023 | C6: 25 | D6: 71 | E6: 0 | F6: 0 | G6: =SUM(C6:F6) -> 96
A7: 4 | B7: Jul-2023 | C7: 346 | D7: 1914 | E7: 0 | F7: 1990 | G7: =SUM(C7:F7) -> 4250
A8: 5 | B8: Aug-2023 | C8: 959 | D8: 1420 | E8: 0 | F8: 1552 | G8: =SUM(C8:F8) -> 3931
A9: 6 | B9: Sep-2023 | C9: 948 | D9: 1210 | E9: 0 | F9: 1390 | G9: =SUM(C9:F9) -> 3548
A10: 7 | B10: Oct-2023 | C10: 694 | D10: 882 | E10: 0 | F10: 985 | G10: =SUM(C10:F10) -> 2561
A11: 8 | B11: Nov-2023 | C11: 734 | D11: 889 | E11: 0 | F11: 1052 | G11: =SUM(C11:F11) -> 2675
A12: 9 | B12: Dec-2023 | C12: 237 | D12: 306 | E12: 0 | F12: 436 | G12: =SUM(C12:F12) -> 979
A13: 10 | B13: Jan-2024 | C13: 121 | D13: 160 | E13: 0 | F13: 165 | G13: =SUM(C13:F13) -> 446
A14: 11 | B14: Feb-2024 | C14: 781 | D14: 890 | E14: 0 | F14: 1009 | G14: =SUM(C14:F14) -> 2680
A15: 12 | B15: Mar-2024 | C15: 898 | D15: 1066 | E15: 0 | F15: 1231 | G15: =SUM(C15:F15) -> 3195
B16: Grand Total | C16: =SUBTOTAL(9,C4:C15) -> 7603 | D16: =SUBTOTAL(9,D4:D15) -> 14001 | E16: =SUBTOTAL(9,E4:E15) -> 0 | F16: =SUBTOTAL(9,F4:F15) -> 15221 | G16: =SUBTOTAL(9,G4:G15) -> 36825

Sheet PLATE COUNT-J MESS
A1: STUDENT PLATE COUNT REPORT-APRIL TO MARCH-2023-2024
A2: PLATE COUNT REPORT-J- MESS
A3: S.NO | B3: Break Fast | C3: Break Fast | D3: Lunch | E3: Snacks with Tea | F3: Dinner | G3: Total Plate Count
A4: 1 | B4: Apr-2023 | C4: 24014 | D4: 30024 | E4: 30414 | F4: 30515 | G4: =SUM(C4:F4) -> 114967
A5: 2 | B5: May-2023 | C5: 24933 | D5: 29981 | E5: 32475 | F5: 32457 | G5: =SUM(C5:F5) -> 119846
A6: 3 | B6: Jun-2023 | C6: 689 | D6: 767 | E6: 0 | F6: 0 | G6: =SUM(C6:F6) -> 1456
A7: 4 | B7: Jul-2023 | C7: 13142 | D7: 23067 | E7: 24442 | F7: 24442 | G7: =SUM(C7:F7) -> 85093
A8: 5 | B8: Aug-2023 | C8: 27526 | D8: 43960 | E8: 45974 | F8: 45974 | G8: =SUM(C8:F8) -> 163434
A9: 6 | B9: Sep-2023 | C9: 26195 | D9: 41511 | E9: 46272 | F9: 46272 | G9: =SUM(C9:F9) -> 160250
A10: 7 | B10: Oct-2023 | C10: 26369 | D10: 43172 | E10: 45651 | F10: 45652 | G10: =SUM(C10:F10) -> 160844
A11: 8 | B11: Nov-2023 | C11: 27719 | D11: 40837 | E11: 46388 | F11: 46388 | G11: =SUM(C11:F11) -> 161332
A12: 9 | B12: Dec-2023 | C12: 8377 | D12: 9939 | E12: 9655 | F12: 9655 | G12: =SUM(C12:F12) -> 37626
A13: 10 | B13: Jan-2024 | C13: 8000 | D13: 12378 | E13: 12944 | F13: 13894 | G13: =SUM(C13:F13) -> 47216
A14: 11 | B14: Feb-2024 | C14: 27498 | D14: 47297 | E14: 54188 | F14: 54188 | G14: =SUM(C14:F14) -> 183171
A15: 12 | B15: Mar-2024 | C15: 27497 | D15: 48611 | E15: 55935 | F15: 55805 | G15: =SUM(C15:F15) -> 187848
B16: Grand Total | C16: =SUBTOTAL(9,C4:C15) -> 241959 | D16: =SUBTOTAL(9,D4:D15) -> 371544 | E16: =SUBTOTAL(9,E4:E15) -> 404338 | F16: =SUBTOTAL(9,F4:F15) -> 405242 | G16: =SUBTOTAL(9,G4:G15) -> 1423083

Sheet REPORT -J MESS
A1: SRM IST HOSTEL MESS
A2: J -MESS PLATE COUNT& FOOD WASTAGE -APRIL TO MARCH-2023-2024
A3: SRM IST MESS PLATE COUNT-2023 To 2024 | P3: SRM IST HOSTEL MESS
A4: DESCRIPTION | C4: Plate Count | D4: Food Wastage | E4: Percantage of Food Wastage % | F4: Plate Count | G4: Food Wastage | H4: Percantage of Food Wastage % | I4: Plate Count | J4: Food Wastage | K4: Percantage of Food Wastage % | L4: Plate Count | M4: Food Wastage | N4: Percantage of Food Wastage % | P4: J- MESS-PERCEANTAGE OF FOOD WASTAGE-APRIL TO MARCH-2023 TO 2024
A5: S.NO | B5: MONTH WISE | C5: Break Fast | D5: Break Fast | E5: Break Fast | F5: Lunch | G5: Lunch | H5: Lunch | I5: Snacks with Tea | J5: Snacks with Tea | K5: Snacks with Tea | L5: Dinner | M5: Dinner | N5: Dinner | P5: MONTH WISE | Q5: Break Fast | R5: Lunch | S5: Snacks with Tea | T5: Dinner | U5: MONTH WISE AVERAGE
A6: 1 | B6: Apr-2023 | C6: =VLOOKUP($B$6:$B$17,'PLATE COUNT-J MESS'!$B$4:$F$15,2,0) -> 24014 | D6: =VLOOKUP($B$6:$B$17,'FOOD WASTAGE-J-MESS'!$B$4:$F$15,2,0) -> 892 | E6: =IFERROR(SUM(D6/C6*100),"0") -> 3.7144999 | F6: =VLOOKUP($B$6:$B$17,'PLATE COUNT-J MESS'!$B$4:$F$15,3,0) -> 30024 | G6: =VLOOKUP($B$6:$B$17,'FOOD WASTAGE-J-MESS'!$B$4:$F$15,3,0) -> 2577 | H6: =IFERROR(SUM(G6/F6*100),"0") -> 8.5831335 | I6: =VLOOKUP($B$6:$B$17,'PLATE COUNT-J MESS'!$B$4:$F$15,4,0) -> 30414 | J6: =VLOOKUP($B$6:$B$17,'FOOD WASTAGE-J-MESS'!$B$4:$F$15,4,0) -> 0 | K6: =IFERROR(SUM(I6/J6),"0") -> 0 | L6: =VLOOKUP($B$6:$B$17,'PLATE COUNT-J MESS'!$B$4:$F$15,5,0) -> 30515 | M6: =VLOOKUP($B$6:$B$17,'FOOD WASTAGE-J-MESS'!$B$4:$F$15,5,0) -> 2661 | N6: =IFERROR(SUM(M6/L6*100),"0") -> 8.7203015 | P6: Apr-2023 | Q6: =VLOOKUP($P$6:$P$17,$B$5:$N$17,4,0) -> 3.7144999 | R6: =VLOOKUP($P$6:$P$17,$B$5:$N$17,7,0) -> 8.5831335 | S6: =VLOOKUP($P$6:$P$17,$B$5:$N$17,10,0) -> 0 | T6: =VLOOKUP($P$6:$P$17,$B$5:$N$17,13,0) -> 8.7203015 | U6: =SUM(Q6:T6)/4 -> 5.2544837
A7: 2 | B7: May-2023 | C7: =VLOOKUP($B$6:$B$17,'PLATE COUNT-J MESS'!$B$4:$F$15,2,0) -> 24933 | D7: =VLOOKUP($B$6:$B$17,'FOOD WASTAGE-J-MESS'!$B$4:$F$15,2,0) -> 968 | E7: =IFERROR(SUM(D7/C7*100),"0") -> 3.8824048 | F7: =VLOOKUP($B$6:$B$17,'PLATE COUNT-J MESS'!$B$4:$F$15,3,0) -> 29981 | G7: =VLOOKUP($B$6:$B$17,'FOOD WASTAGE-J-MESS'!$B$4:$F$15,3,0) -> 2616 | H7: =IFERROR(SUM(G7/F7*100),"0") -> 8.7255262 | I7: =VLOOKUP($B$6:$B$17,'PLATE COUNT-J MESS'!$B$4:$F$15,4,0) -> 32475 | J7: =VLOOKUP($B$6:$B$17,'FOOD WASTAGE-J-MESS'!$B$4:$F$15,4,0) -> 0 | K7: =IFERROR(SUM(I7/J7),"0") -> 0 | L7: =VLOOKUP($B$6:$B$17,'PLATE COUNT-J MESS'!$B$4:$F$15,5,0) -> 32457 | M7: =VLOOKUP($B$6:$B$17,'FOOD WASTAGE-J-MESS'!$B$4:$F$15,5,0) -> 2750 | N7: =IFERROR(SUM(M7/L7*100),"0") -> 8.4727486 | P7: May-2023 | Q7: =VLOOKUP($P$6:$P$17,$B$5:$N$17,4,0) -> 3.8824048 | R7: =VLOOKUP($P$6:$P$17,$B$5:$N$17,7,0) -> 8.7255262 | S7: =VLOOKUP($P$6:$P$17,$B$5:$N$17,10,0) -> 0 | T7: =VLOOKUP($P$6:$P$17,$B$5:$N$17,13,0) -> 8.4727486 | U7: =SUM(Q7:T7)/4 -> 5.2701699
A8: 3 | B8: Jun-2023 | C8: =VLOOKUP($B$6:$B$17,'PLATE COUNT-J MESS'!$B$4:$F$15,2,0) -> 689 | D8: =VLOOKUP($B$6:$B$17,'FOOD WASTAGE-J-MESS'!$B$4:$F$15,2,0) -> 25 | E8: =IFERROR(SUM(D8/C8*100),"0") -> 3.628447 | F8: =VLOOKUP($B$6:$B$17,'PLATE COUNT-J MESS'!$B$4:$F$15,3,0) -> 767 | G8: =VLOOKUP($B$6:$B$17,'FOOD WASTAGE-J-MESS'!$B$4:$F$15,3,0) -> 71 | H8: =IFERROR(SUM(G8/F8*100),"0") -> 9.2568449 | I8: =VLOOKUP($B$6:$B$17,'PLATE COUNT-J MESS'!$B$4:$F$15,4,0) -> 0 | J8: =VLOOKUP($B$6:$B$17,'FOOD WASTAGE-J-MESS'!$B$4:$F$15,4,0) -> 0 | K8: =IFERROR(SUM(I8/J8),"0") -> 0 | L8: =VLOOKUP($B$6:$B$17,'PLATE COUNT-J MESS'!$B$4:$F$15,5,0) -> 0 | M8: =VLOOKUP($B$6:$B$17,'FOOD WASTAGE-J-MESS'!$B$4:$F$15,5,0) -> 0 | N8: =IFERROR(SUM(M8/L8*100),"0") -> 0 | P8: Jun-2023 | Q8: =VLOOKUP($P$6:$P$17,$B$5:$N$17,4,0) -> 3.628447 | R8: =VLOOKUP($P$6:$P$17,$B$5:$N$17,7,0) -> 9.2568449 | S8: =VLOOKUP($P$6:$P$17,$B$5:$N$17,10,0) -> 0 | T8: =VLOOKUP($P$6:$P$17,$B$5:$N$17,13,0) -> 0 | U8: =SUM(Q8:T8)/4 -> 3.221323
A9: 4 | B9: Jul-2023 | C9: =VLOOKUP($B$6:$B$17,'PLATE COUNT-J MESS'!$B$4:$F$15,2,0) -> 13142 | D9: =VLOOKUP($B$6:$B$17,'FOOD WASTAGE-J-MESS'!$B$4:$F$15,2,0) -> 346 | E9: =IFERROR(SUM(D9/C9*100),"0") -> 2.6327804 | F9: =VLOOKUP($B$6:$B$17,'PLATE COUNT-J MESS'!$B$4:$F$15,3,0) -> 23067 | G9: =VLOOKUP($B$6:$B$17,'FOOD WASTAGE-J-MESS'!$B$4:$F$15,3,0) -> 1914 | H9: =IFERROR(SUM(G9/F9*100),"0") -> 8.297568 | I9: =VLOOKUP($B$6:$B$17,'PLATE COUNT-J MESS'!$B$4:$F$15,4,0) -> 24442 | J9: =VLOOKUP($B$6:$B$17,'FOOD WASTAGE-J-MESS'!$B$4:$F$15,4,0) -> 0 | K9: =IFERROR(SUM(I9/J9),"0") -> 0 | L9: =VLOOKUP($B$6:$B$17,'PLATE COUNT-J MESS'!$B$4:$F$15,5,0) -> 24442 | M9: =VLOOKUP($B$6:$B$17,'FOOD WASTAGE-J-MESS'!$B$4:$F$15,5,0) -> 1990 | N9: =IFERROR(SUM(M9/L9*100),"0") -> 8.1417233 | P9: Jul-2023 | Q9: =VLOOKUP($P$6:$P$17,$B$5:$N$17,4,0) -> 2.6327804 | R9: =VLOOKUP($P$6:$P$17,$B$5:$N$17,7,0) -> 8.297568 | S9: =VLOOKUP($P$6:$P$17,$B$5:$N$17,10,0) -> 0 | T9: =VLOOKUP($P$6:$P$17,$B$5:$N$17,13,0) -> 8.1417233 | U9: =SUM(Q9:T9)/4 -> 4.7680179
A10: 5 | B10: Aug-2023 | C10: =VLOOKUP($B$6:$B$17,'PLATE COUNT-J MESS'!$B$4:$F$15,2,0) -> 27526 | D10: =VLOOKUP($B$6:$B$17,'FOOD WASTAGE-J-MESS'!$B$4:$F$15,2,0) -> 959 | E10: =IFERROR(SUM(D10/C10*100),"0") -> 3.4839788 | F10: =VLOOKUP($B$6:$B$17,'PLATE COUNT-J MESS'!$B$4:$F$15,3,0) -> 43960 | G10: =VLOOKUP($B$6:$B$17,'FOOD WASTAGE-J-MESS'!$B$4:$F$15,3,0) -> 1420 | H10: =IFERROR(SUM(G10/F10*100),"0") -> 3.2302093 | I10: =VLOOKUP($B$6:$B$17,'PLATE COUNT-J MESS'!$B$4:$F$15,4,0) -> 45974 | J10: =VLOOKUP($B$6:$B$17,'FOOD WASTAGE-J-MESS'!$B$4:$F$15,4,0) -> 0 | K10: =IFERROR(SUM(I10/J10),"0") -> 0 | L10: =VLOOKUP($B$6:$B$17,'PLATE COUNT-J MESS'!$B$4:$F$15,5,0) -> 45974 | M10: =VLOOKUP($B$6:$B$17,'FOOD WASTAGE-J-MESS'!$B$4:$F$15,5,0) -> 1552 | N10: =IFERROR(SUM(M10/L10*100),"0") -> 3.3758211 | P10: Aug-2023 | Q10: =VLOOKUP($P$6:$P$17,$B$5:$N$17,4,0) -> 3.4839788 | R10: =VLOOKUP($P$6:$P$17,$B$5:$N$17,7,0) -> 3.2302093 | S10: =VLOOKUP($P$6:$P$17,$B$5:$N$17,10,0) -> 0 | T10: =VLOOKUP($P$6:$P$17,$B$5:$N$17,13,0) -> 3.3758211 | U10: =SUM(Q10:T10)/4 -> 2.5225023
A11: 6 | B11: Sep-2023 | C11: =VLOOKUP($B$6:$B$17,'PLATE COUNT-J MESS'!$B$4:$F$15,2,0) -> 26195 | D11: =VLOOKUP($B$6:$B$17,'FOOD WASTAGE-J-MESS'!$B$4:$F$15,2,0) -> 948 | E11: =IFERROR(SUM(D11/C11*100),"0") -> 3.6190113 | F11: =VLOOKUP($B$6:$B$17,'PLATE COUNT-J MESS'!$B$4:$F$15,3,0) -> 41511 | G11: =VLOOKUP($B$6:$B$17,'FOOD WASTAGE-J-MESS'!$B$4:$F$15,3,0) -> 1210 | H11: =IFERROR(SUM(G11/F11*100),"0") -> 2.91489 | I11: =VLOOKUP($B$6:$B$17,'PLATE COUNT-J MESS'!$B$4:$F$15,4,0) -> 46272 | J11: =VLOOKUP($B$6:$B$17,'FOOD WASTAGE-J-MESS'!$B$4:$F$15,4,0) -> 0 | K11: =IFERROR(SUM(I11/J11),"0") -> 0 | L11: =VLOOKUP($B$6:$B$17,'PLATE COUNT-J MESS'!$B$4:$F$15,5,0) -> 46272 | M11: =VLOOKUP($B$6:$B$17,'FOOD WASTAGE-J-MESS'!$B$4:$F$15,5,0) -> 1390 | N11: =IFERROR(SUM(M11/L11*100),"0") -> 3.0039765 | P11: Sep-2023 | Q11: =VLOOKUP($P$6:$P$17,$B$5:$N$17,4,0) -> 3.6190113 | R11: =VLOOKUP($P$6:$P$17,$B$5:$N$17,7,0) -> 2.91489 | S11: =VLOOKUP($P$6:$P$17,$B$5:$N$17,10,0) -> 0 | T11: =VLOOKUP($P$6:$P$17,$B$5:$N$17,13,0) -> 3.0039765 | U11: =SUM(Q11:T11)/4 -> 2.3844694
A12: 7 | B12: Oct-2023 | C12: =VLOOKUP($B$6:$B$17,'PLATE COUNT-J MESS'!$B$4:$F$15,2,0) -> 26369 | D12: =VLOOKUP($B$6:$B$17,'FOOD WASTAGE-J-MESS'!$B$4:$F$15,2,0) -> 694 | E12: =IFERROR(SUM(D12/C12*100),"0") -> 2.6318783 | F12: =VLOOKUP($B$6:$B$17,'PLATE COUNT-J MESS'!$B$4:$F$15,3,0) -> 43172 | G12: =VLOOKUP($B$6:$B$17,'FOOD WASTAGE-J-MESS'!$B$4:$F$15,3,0) -> 882 | H12: =IFERROR(SUM(G12/F12*100),"0") -> 2.0429908 | I12: =VLOOKUP($B$6:$B$17,'PLATE COUNT-J MESS'!$B$4:$F$15,4,0) -> 45651 | J12: =VLOOKUP($B$6:$B$17,'FOOD WASTAGE-J-MESS'!$B$4:$F$15,4,0) -> 0 | K12: =IFERROR(SUM(I12/J12),"0") -> 0 | L12: =VLOOKUP($B$6:$B$17,'PLATE COUNT-J MESS'!$B$4:$F$15,5,0) -> 45652 | M12: =VLOOKUP($B$6:$B$17,'FOOD WASTAGE-J-MESS'!$B$4:$F$15,5,0) -> 985 | N12: =IFERROR(SUM(M12/L12*100),"0") -> 2.1576273 | P12: Oct-2023 | Q12: =VLOOKUP($P$6:$P$17,$B$5:$N$17,4,0) -> 2.6318783 | R12: =VLOOKUP($P$6:$P$17,$B$5:$N$17,7,0) -> 2.0429908 | S12: =VLOOKUP($P$6:$P$17,$B$5:$N$17,10,0) -> 0 | T12: =VLOOKUP($P$6:$P$17,$B$5:$N$17,13,0) -> 2.1576273 | U12: =SUM(Q12:T12)/4 -> 1.7081241
A13: 8 | B13: Nov-2023 | C13: =VLOOKUP($B$6:$B$17,'PLATE COUNT-J MESS'!$B$4:$F$15,2,0) -> 27719 | D13: =VLOOKUP($B$6:$B$17,'FOOD WASTAGE-J-MESS'!$B$4:$F$15,2,0) -> 734 | E13: =IFERROR(SUM(D13/C13*100),"0") -> 2.6480032 | F13: =VLOOKUP($B$6:$B$17,'PLATE COUNT-J MESS'!$B$4:$F$15,3,0) -> 40837 | G13: =VLOOKUP($B$6:$B$17,'FOOD WASTAGE-J-MESS'!$B$4:$F$15,3,0) -> 889 | H13: =IFERROR(SUM(G13/F13*100),"0") -> 2.1769474 | I13: =VLOOKUP($B$6:$B$17,'PLATE COUNT-J MESS'!$B$4:$F$15,4,0) -> 46388 | J13: =VLOOKUP($B$6:$B$17,'FOOD WASTAGE-J-MESS'!$B$4:$F$15,4,0) -> 0 | K13: =IFERROR(SUM(I13/J13),"0") -> 0 | L13: =VLOOKUP($B$6:$B$17,'PLATE COUNT-J MESS'!$B$4:$F$15,5,0) -> 46388 | M13: =VLOOKUP($B$6:$B$17,'FOOD WASTAGE-J-MESS'!$B$4:$F$15,5,0) -> 1052 | N13: =IFERROR(SUM(M13/L13*100),"0") -> 2.2678279 | P13: Nov-2023 | Q13: =VLOOKUP($P$6:$P$17,$B$5:$N$17,4,0) -> 2.6480032 | R13: =VLOOKUP($P$6:$P$17,$B$5:$N$17,7,0) -> 2.1769474 | S13: =VLOOKUP($P$6:$P$17,$B$5:$N$17,10,0) -> 0 | T13: =VLOOKUP($P$6:$P$17,$B$5:$N$17,13,0) -> 2.2678279 | U13: =SUM(Q13:T13)/4 -> 1.7731946
A14: 9 | B14: Dec-2023 | C14: =VLOOKUP($B$6:$B$17,'PLATE COUNT-J MESS'!$B$4:$F$15,2,0) -> 8377 | D14: =VLOOKUP($B$6:$B$17,'FOOD WASTAGE-J-MESS'!$B$4:$F$15,2,0) -> 237 | E14: =IFERROR(SUM(D14/C14*100),"0") -> 2.8291751 | F14: =VLOOKUP($B$6:$B$17,'PLATE COUNT-J MESS'!$B$4:$F$15,3,0) -> 9939 | G14: =VLOOKUP($B$6:$B$17,'FOOD WASTAGE-J-MESS'!$B$4:$F$15,3,0) -> 306 | H14: =IFERROR(SUM(G14/F14*100),"0") -> 3.0787806 | I14: =VLOOKUP($B$6:$B$17,'PLATE COUNT-J MESS'!$B$4:$F$15,4,0) -> 9655 | J14: =VLOOKUP($B$6:$B$17,'FOOD WASTAGE-J-MESS'!$B$4:$F$15,4,0) -> 0 | K14: =IFERROR(SUM(I14/J14),"0") -> 0 | L14: =VLOOKUP($B$6:$B$17,'PLATE COUNT-J MESS'!$B$4:$F$15,5,0) -> 9655 | M14: =VLOOKUP($B$6:$B$17,'FOOD WASTAGE-J-MESS'!$B$4:$F$15,5,0) -> 436 | N14: =IFERROR(SUM(M14/L14*100),"0") -> 4.5157949 | P14: Dec-2023 | Q14: =VLOOKUP($P$6:$P$17,$B$5:$N$17,4,0) -> 2.8291751 | R14: =VLOOKUP($P$6:$P$17,$B$5:$N$17,7,0) -> 3.0787806 | S14: =VLOOKUP($P$6:$P$17,$B$5:$N$17,10,0) -> 0 | T14: =VLOOKUP($P$6:$P$17,$B$5:$N$17,13,0) -> 4.5157949 | U14: =SUM(Q14:T14)/4 -> 2.6059377
A15: 10 | B15: Jan-2024 | C15: =VLOOKUP($B$6:$B$17,'PLATE COUNT-J MESS'!$B$4:$F$15,2,0) -> 8000 | D15: =VLOOKUP($B$6:$B$17,'FOOD WASTAGE-J-MESS'!$B$4:$F$15,2,0) -> 121 | E15: =IFERROR(SUM(D15/C15*100),"0") -> 1.5125 | F15: =VLOOKUP($B$6:$B$17,'PLATE COUNT-J MESS'!$B$4:$F$15,3,0) -> 12378 | G15: =VLOOKUP($B$6:$B$17,'FOOD WASTAGE-J-MESS'!$B$4:$F$15,3,0) -> 160 | H15: =IFERROR(SUM(G15/F15*100),"0") -> 1.2926159 | I15: =VLOOKUP($B$6:$B$17,'PLATE COUNT-J MESS'!$B$4:$F$15,4,0) -> 12944 | J15: =VLOOKUP($B$6:$B$17,'FOOD WASTAGE-J-MESS'!$B$4:$F$15,4,0) -> 0 | K15: =IFERROR(SUM(I15/J15),"0") -> 0 | L15: =VLOOKUP($B$6:$B$17,'PLATE COUNT-J MESS'!$B$4:$F$15,5,0) -> 13894 | M15: =VLOOKUP($B$6:$B$17,'FOOD WASTAGE-J-MESS'!$B$4:$F$15,5,0) -> 165 | N15: =IFERROR(SUM(M15/L15*100),"0") -> 1.187563 | P15: Jan-2024 | Q15: =VLOOKUP($P$6:$P$17,$B$5:$N$17,4,0) -> 1.5125 | R15: =VLOOKUP($P$6:$P$17,$B$5:$N$17,7,0) -> 1.2926159 | S15: =VLOOKUP($P$6:$P$17,$B$5:$N$17,10,0) -> 0 | T15: =VLOOKUP($P$6:$P$17,$B$5:$N$17,13,0) -> 1.187563 | U15: =SUM(Q15:T15)/4 -> 0.99816973
A16: 11 | B16: Feb-2024 | C16: =VLOOKUP($B$6:$B$17,'PLATE COUNT-J MESS'!$B$4:$F$15,2,0) -> 27498 | D16: =VLOOKUP($B$6:$B$17,'FOOD WASTAGE-J-MESS'!$B$4:$F$15,2,0) -> 781 | E16: =IFERROR(SUM(D16/C16*100),"0") -> 2.8402066 | F16: =VLOOKUP($B$6:$B$17,'PLATE COUNT-J MESS'!$B$4:$F$15,3,0) -> 47297 | G16: =VLOOKUP($B$6:$B$17,'FOOD WASTAGE-J-MESS'!$B$4:$F$15,3,0) -> 890 | H16: =IFERROR(SUM(G16/F16*100),"0") -> 1.8817261 | I16: =VLOOKUP($B$6:$B$17,'PLATE COUNT-J MESS'!$B$4:$F$15,4,0) -> 54188 | J16: =VLOOKUP($B$6:$B$17,'FOOD WASTAGE-J-MESS'!$B$4:$F$15,4,0) -> 0 | K16: =IFERROR(SUM(I16/J16),"0") -> 0 | L16: =VLOOKUP($B$6:$B$17,'PLATE COUNT-J MESS'!$B$4:$F$15,5,0) -> 54188 | M16: =VLOOKUP($B$6:$B$17,'FOOD WASTAGE-J-MESS'!$B$4:$F$15,5,0) -> 1009 | N16: =IFERROR(SUM(M16/L16*100),"0") -> 1.8620359 | P16: Feb-2024 | Q16: =VLOOKUP($P$6:$P$17,$B$5:$N$17,4,0) -> 2.8402066 | R16: =VLOOKUP($P$6:$P$17,$B$5:$N$17,7,0) -> 1.8817261 | S16: =VLOOKUP($P$6:$P$17,$B$5:$N$17,10,0) -> 0 | T16: =VLOOKUP($P$6:$P$17,$B$5:$N$17,13,0) -> 1.8620359 | U16: =SUM(Q16:T16)/4 -> 1.6459921
A17: 12 | B17: Mar-2024 | C17: =VLOOKUP($B$6:$B$17,'PLATE COUNT-J MESS'!$B$4:$F$15,2,0) -> 27497 | D17: =VLOOKUP($B$6:$B$17,'FOOD WASTAGE-J-MESS'!$B$4:$F$15,2,0) -> 898 | E17: =IFERROR(SUM(D17/C17*100),"0") -> 3.2658108 | F17: =VLOOKUP($B$6:$B$17,'PLATE COUNT-J MESS'!$B$4:$F$15,3,0) -> 48611 | G17: =VLOOKUP($B$6:$B$17,'FOOD WASTAGE-J-MESS'!$B$4:$F$15,3,0) -> 1066 | H17: =IFERROR(SUM(G17/F17*100),"0") -> 2.1929193 | I17: =VLOOKUP($B$6:$B$17,'PLATE COUNT-J MESS'!$B$4:$F$15,4,0) -> 55935 | J17: =VLOOKUP($B$6:$B$17,'FOOD WASTAGE-J-MESS'!$B$4:$F$15,4,0) -> 0 | K17: =IFERROR(SUM(I17/J17),"0") -> 0 | L17: =VLOOKUP($B$6:$B$17,'PLATE COUNT-J MESS'!$B$4:$F$15,5,0) -> 55805 | M17: =VLOOKUP($B$6:$B$17,'FOOD WASTAGE-J-MESS'!$B$4:$F$15,5,0) -> 1231 | N17: =IFERROR(SUM(M17/L17*100),"0") -> 2.2058955 | P17: Mar-2024 | Q17: =VLOOKUP($P$6:$P$17,$B$5:$N$17,4,0) -> 3.2658108 | R17: =VLOOKUP($P$6:$P$17,$B$5:$N$17,7,0) -> 2.1929193 | S17: =VLOOKUP($P$6:$P$17,$B$5:$N$17,10,0) -> 0 | T17: =VLOOKUP($P$6:$P$17,$B$5:$N$17,13,0) -> 2.2058955 | U17: =SUM(Q17:T17)/4 -> 1.9161564
B18: Grand Total | C18: =SUBTOTAL(9,C5:C17) -> 241959 | D18: =SUBTOTAL(9,D5:D17) -> 7603 | E18: =SUBTOTAL(9,E5:E17) -> 36.688696 | F18: =SUBTOTAL(9,F5:F17) -> 371544 | G18: =SUBTOTAL(9,G5:G17) -> 14001 | H18: =SUBTOTAL(9,H5:H17) -> 53.674152 | I18: =SUBTOTAL(9,I5:I17) -> 404338 | J18: =SUBTOTAL(9,J5:J17) -> 0 | ... N18: =SUBTOTAL(9,N5:N17) -> 45.911315
R19: YEAR WISE FOOE WASTAGE -J-MESS (APRIL TO MARCH-2023 TO 2024) | U19: =SUM(U6:U17)/(12) -> 2.8390451

Sheet FOOD WASTAGE-MEENAKSHI MESS
A1: FOOD WASTAGE REPORT-APRIL TO MARCH-2023-2024
A2: MESS WISE REPORT-MEENAKSHI MESS
A3: S.NO | B3: MONTH WISE | C3: Break Fast | D3: Lunch | E3: Snacks with Tea | F3: Dinner | G3: TOTAL FOOD WASTAGE
A4: 1 | B4: Apr-2023 | C4: 114 | D4: 388 | E4: 0 | F4: 393 | G4: =SUM(C4:F4) -> 895
A5: 2 | B5: May-2023 | C5: 119 | D5: 387 | E5: 0 | F5: 400.5 | G5: =SUM(C5:F5) -> 906.5
A6: 3 | B6: Jun-2023 | C6: 126 | D6: 317.5 | E6: 0 | F6: 352 | G6: =SUM(C6:F6) -> 795.5
A7: 4 | B7: Jul-2023 | C7: 83 | D7: 177.5 | E7: 0 | F7: 145 | G7: =SUM(C7:F7) -> 405.5
A8: 5 | B8: Aug-2023 | C8: 198.5 | D8: 269.5 | E8: 0 | F8: 275.5 | G8: =SUM(C8:F8) -> 743.5
A9: 6 | B9: Sep-2023 | C9: 205 | D9: 297 | E9: 0 | F9: 341 | G9: =SUM(C9:F9) -> 843
A10: 7 | B10: Oct-2023 | C10: 183 | D10: 309 | E10: 0 | F10: 382 | G10: =SUM(C10:F10) -> 874
A11: 8 | B11: Nov-2023 | C11: 181 | D11: 376 | E11: 0 | F11: 469 | G11: =SUM(C11:F11) -> 1026
A12: 9 | B12: Dec-2023 | C12: 116 | D12: 241 | E12: 0 | F12: 301 | G12: =SUM(C12:F12) -> 658
A13: 10 | B13: Jan-2024 | C13: 135 | D13: 245 | E13: 0 | F13: 299 | G13: =SUM(C13:F13) -> 679
A14: 11 | B14: Feb-2024 | C14: 167 | D14: 444 | E14: 0 | F14: 491 | G14: =SUM(C14:F14) -> 1102
A15: 12 | B15: Mar-2024 | C15: 133 | D15: 541 | E15: 0 | F15: 638 | G15: =SUM(C15:F15) -> 1312
B16: Grand Total | C16: =SUBTOTAL(9,C4:C15) -> 1760.5 | D16: =SUBTOTAL(9,D4:D15) -> 3992.5 | E16: =SUBTOTAL(9,E4:E15) -> 0 | F16: =SUBTOTAL(9,F4:F15) -> 4487 | G16: =SUBTOTAL(9,G4:G15) -> 10240

Sheet PLATE COUNT-MMEAKSHI MESS
A1: STUDENT PLATE COUNT REPORT-APRIL TO MARCH-2023-2024
A2: PLATE COUNT REPORT-MEENAKSHI MESS
A3: S.NO | B3: Break Fast | C3: Break Fast | D3: Lunch | E3: Snacks with Tea | F3: Dinner | G3: Total Plate Count
A4: 1 | B4: Apr-2023 | C4: 5650 | D4: 6976 | E4: 7226 | F4: 7186 | G4: =SUM(C4:F4) -> 27038
A5: 2 | B5: May-2023 | C5: 5100 | D5: 7038 | E5: 7324 | F5: 7272 | G5: =SUM(C5:F5) -> 26734
A6: 3 | B6: Jun-2023 | C6: 3090 | D6: 3286 | E6: 3314 | F6: 3311 | G6: =SUM(C6:F6) -> 13001
A7: 4 | B7: Jul-2023 | C7: 1175 | D7: 1258 | E7: 1326 | F7: 1161 | G7: =SUM(C7:F7) -> 4920
A8: 5 | B8: Aug-2023 | C8: 9722 | D8: 10815 | E8: 11822 | F8: 11822 | G8: =SUM(C8:F8) -> 44181
A9: 6 | B9: Sep-2023 | C9: 10380 | D9: 12067 | E9: 12467 | F9: 12467 | G9: =SUM(C9:F9) -> 47381
A10: 7 | B10: Oct-2023 | C10: 9230 | D10: 18922 | E10: 12152 | F10: 12142 | G10: =SUM(C10:F10) -> 52446
A11: 8 | B11: Nov-2023 | C11: 8170 | D11: 11536 | E11: 12450 | F11: 12450 | G11: =SUM(C11:F11) -> 44606
A12: 9 | B12: Dec-2023 | C12: 5311 | D12: 6570 | E12: 7129 | F12: 7162 | G12: =SUM(C12:F12) -> 26172
A13: 10 | B13: Jan-2024 | C13: 6037 | D13: 10480 | E13: 8330 | F13: 8360 | G13: =SUM(C13:F13) -> 33207
A14: 11 | B14: Feb-2024 | C14: 8028 | D14: 11052 | E14: 11849 | F14: 11879 | G14: =SUM(C14:F14) -> 42808
A15: 12 | B15: Mar-2024 | C15: 8205 | D15: 11050 | E15: 11915 | F15: 11915 | G15: =SUM(C15:F15) -> 43085
B16: Grand Total | C16: =SUBTOTAL(9,C4:C15) -> 80098 | D16: =SUBTOTAL(9,D4:D15) -> 111050 | E16: =SUBTOTAL(9,E4:E15) -> 107304 | F16: =SUBTOTAL(9,F4:F15) -> 107127 | G16: =SUBTOTAL(9,G4:G15) -> 405579

Sheet REPORT -MEENAKSHI MESS
A1: SRM IST HOSTEL MESS
A2: MEENAKSHI MESS -MESS PLATE COUNT& FOOD WASTAGE -APRIL TO MARCH-2023-2024
A3: DESCRIPTION | C3: Plate Count | D3: Food Wastage | E3: Percantage of Food Wastage % | F3: Plate Count | G3: Food Wastage | H3: Percantage of Food Wastage % | I3: Plate Count | J3: Food Wastage | K3: Percantage of Food Wastage % | L3: Plate Count | M3: Food Wastage | N3: Percantage of Food Wastage % | P3: SRM IST HOSTEL MESS
A4: S.NO | B4: MONTH WISE | C4: Break Fast | D4: Break Fast | E4: Break Fast | F4: Lunch | G4: Lunch | H4: Lunch | I4: Snacks with Tea | J4: Snacks with Tea | K4: Snacks with Tea | L4: Dinner | M4: Dinner | N4: Dinner | P4: MEENAKSHI MESS-PERCEANTAGE OF FOOD WASTAGE-APRIL TO MARCH-2023 TO 2024
A5: 1 | B5: Apr-2023 | C5: =VLOOKUP($B$5:$B$16,'PLATE COUNT-MMEAKSHI MESS'!$B$4:$F$15,2,0) -> 5650 | D5: =VLOOKUP($B$5:$B$16,'FOOD WASTAGE-MEENAKSHI MESS'!$B$4:$F$15,2,0) -> 114 | E5: =IFERROR(SUM(D5/C5*100),"0") -> 2.0176991 | F5: =VLOOKUP($B$5:$B$16,'PLATE COUNT-MMEAKSHI MESS'!$B$4:$F$15,3,0) -> 6976 | G5: =VLOOKUP($B$5:$B$16,'FOOD WASTAGE-MEENAKSHI MESS'!$B$4:$F$15,3,0) -> 388 | H5: =IFERROR(SUM(G5/F5*100),"0") -> 5.5619266 | I5: =VLOOKUP($B$5:$B$16,'PLATE COUNT-MMEAKSHI MESS'!$B$4:$F$15,4,0) -> 7226 | J5: =VLOOKUP($B$5:$B$16,'FOOD WASTAGE-MEENAKSHI MESS'!$B$4:$F$15,4,0) -> 0 | K5: =IFERROR(SUM(I5/J5),"0") -> 0 | L5: =VLOOKUP($B$5:$B$16,'PLATE COUNT-MMEAKSHI MESS'!$B$4:$F$15,5,0) -> 7186 | M5: =VLOOKUP($B$5:$B$16,'FOOD WASTAGE-MEENAKSHI MESS'!$B$4:$F$15,5,0) -> 393 | N5: =IFERROR(SUM(M5/L5*100),"0") -> 5.4689674 | P5: MONTH WISE | Q5: Break Fast | R5: Lunch | S5: Snacks with Tea | T5: Dinner | U5: MONTH WISE AVERAGE
A6: 2 | B6: May-2023 | C6: =VLOOKUP($B$5:$B$16,'PLATE COUNT-MMEAKSHI MESS'!$B$4:$F$15,2,0) -> 5100 | D6: =VLOOKUP($B$5:$B$16,'FOOD WASTAGE-MEENAKSHI MESS'!$B$4:$F$15,2,0) -> 119 | E6: =IFERROR(SUM(D6/C6*100),"0") -> 2.3333333 | F6: =VLOOKUP($B$5:$B$16,'PLATE COUNT-MMEAKSHI MESS'!$B$4:$F$15,3,0) -> 7038 | G6: =VLOOKUP($B$5:$B$16,'FOOD WASTAGE-MEENAKSHI MESS'!$B$4:$F$15,3,0) -> 387 | H6: =IFERROR(SUM(G6/F6*100),"0") -> 5.4987212 | I6: =VLOOKUP($B$5:$B$16,'PLATE COUNT-MMEAKSHI MESS'!$B$4:$F$15,4,0) -> 7324 | J6: =VLOOKUP($B$5:$B$16,'FOOD WASTAGE-MEENAKSHI MESS'!$B$4:$F$15,4,0) -> 0 | K6: =IFERROR(SUM(I6/J6),"0") -> 0 | L6: =VLOOKUP($B$5:$B$16,'PLATE COUNT-MMEAKSHI MESS'!$B$4:$F$15,5,0) -> 7272 | M6: =VLOOKUP($B$5:$B$16,'FOOD WASTAGE-MEENAKSHI MESS'!$B$4:$F$15,5,0) -> 400.5 | N6: =IFERROR(SUM(M6/L6*100),"0") -> 5.5074257 | P6: Apr-2023 | Q6: =VLOOKUP($P$6:$P$17,$B$4:$N$16,4,0) -> 2.0176991 | R6: =VLOOKUP($P$6:$P$17,$B$4:$N$16,7,0) -> 5.5619266 | S6: =VLOOKUP($P$6:$P$17,$B$4:$N$16,10,0) -> 0 | T6: =VLOOKUP($P$6:$P$17,$B$4:$N$16,13,0) -> 5.4689674 | U6: =SUM(Q6:T6)/4 -> 3.2621483
A7: 3 | B7: Jun-2023 | C7: =VLOOKUP($B$5:$B$16,'PLATE COUNT-MMEAKSHI MESS'!$B$4:$F$15,2,0) -> 3090 | D7: =VLOOKUP($B$5:$B$16,'FOOD WASTAGE-MEENAKSHI MESS'!$B$4:$F$15,2,0) -> 126 | E7: =IFERROR(SUM(D7/C7*100),"0") -> 4.0776699 | F7: =VLOOKUP($B$5:$B$16,'PLATE COUNT-MMEAKSHI MESS'!$B$4:$F$15,3,0) -> 3286 | G7: =VLOOKUP($B$5:$B$16,'FOOD WASTAGE-MEENAKSHI MESS'!$B$4:$F$15,3,0) -> 317.5 | H7: =IFERROR(SUM(G7/F7*100),"0") -> 9.6622033 | I7: =VLOOKUP($B$5:$B$16,'PLATE COUNT-MMEAKSHI MESS'!$B$4:$F$15,4,0) -> 3314 | J7: =VLOOKUP($B$5:$B$16,'FOOD WASTAGE-MEENAKSHI MESS'!$B$4:$F$15,4,0) -> 0 | K7: =IFERROR(SUM(I7/J7),"0") -> 0 | L7: =VLOOKUP($B$5:$B$16,'PLATE COUNT-MMEAKSHI MESS'!$B$4:$F$15,5,0) -> 3311 | M7: =VLOOKUP($B$5:$B$16,'FOOD WASTAGE-MEENAKSHI MESS'!$B$4:$F$15,5,0) -> 352 | N7: =IFERROR(SUM(M7/L7*100),"0") -> 10.631229 | P7: May-2023 | Q7: =VLOOKUP($P$6:$P$17,$B$4:$N$16,4,0) -> 2.3333333 | R7: =VLOOKUP($P$6:$P$17,$B$4:$N$16,7,0) -> 5.4987212 | S7: =VLOOKUP($P$6:$P$17,$B$4:$N$16,10,0) -> 0 | T7: =VLOOKUP($P$6:$P$17,$B$4:$N$16,13,0) -> 5.5074257 | U7: =SUM(Q7:T7)/4 -> 3.3348701
A8: 4 | B8: Jul-2023 | C8: =VLOOKUP($B$5:$B$16,'PLATE COUNT-MMEAKSHI MESS'!$B$4:$F$15,2,0) -> 1175 | D8: =VLOOKUP($B$5:$B$16,'FOOD WASTAGE-MEENAKSHI MESS'!$B$4:$F$15,2,0) -> 83 | E8: =IFERROR(SUM(D8/C8*100),"0") -> 7.0638298 | F8: =VLOOKUP($B$5:$B$16,'PLATE COUNT-MMEAKSHI MESS'!$B$4:$F$15,3,0) -> 1258 | G8: =VLOOKUP($B$5:$B$16,'FOOD WASTAGE-MEENAKSHI MESS'!$B$4:$F$15,3,0) -> 177.5 | H8: =IFERROR(SUM(G8/F8*100),"0") -> 14.109698 | I8: =VLOOKUP($B$5:$B$16,'PLATE COUNT-MMEAKSHI MESS'!$B$4:$F$15,4,0) -> 1326 | J8: =VLOOKUP($B$5:$B$16,'FOOD WASTAGE-MEENAKSHI MESS'!$B$4:$F$15,4,0) -> 0 | K8: =IFERROR(SUM(I8/J8),"0") -> 0 | L8: =VLOOKUP($B$5:$B$16,'PLATE COUNT-MMEAKSHI MESS'!$B$4:$F$15,5,0) -> 1161 | M8: =VLOOKUP($B$5:$B$16,'FOOD WASTAGE-MEENAKSHI MESS'!$B$4:$F$15,5,0) -> 145 | N8: =IFERROR(SUM(M8/L8*100),"0") -> 12.489233 | P8: Jun-2023 | Q8: =VLOOKUP($P$6:$P$17,$B$4:$N$16,4,0) -> 4.0776699 | R8: =VLOOKUP($P$6:$P$17,$B$4:$N$16,7,0) -> 9.6622033 | S8: =VLOOKUP($P$6:$P$17,$B$4:$N$16,10,0) -> 0 | T8: =VLOOKUP($P$6:$P$17,$B$4:$N$16,13,0) -> 10.631229 | U8: =SUM(Q8:T8)/4 -> 6.0927756
A9: 5 | B9: Aug-2023 | C9: =VLOOKUP($B$5:$B$16,'PLATE COUNT-MMEAKSHI MESS'!$B$4:$F$15,2,0) -> 9722 | D9: =VLOOKUP($B$5:$B$16,'FOOD WASTAGE-MEENAKSHI MESS'!$B$4:$F$15,2,0) -> 198.5 | E9: =IFERROR(SUM(D9/C9*100),"0") -> 2.041761 | F9: =VLOOKUP($B$5:$B$16,'PLATE COUNT-MMEAKSHI MESS'!$B$4:$F$15,3,0) -> 10815 | G9: =VLOOKUP($B$5:$B$16,'FOOD WASTAGE-MEENAKSHI MESS'!$B$4:$F$15,3,0) -> 269.5 | H9: =IFERROR(SUM(G9/F9*100),"0") -> 2.4919094 | I9: =VLOOKUP($B$5:$B$16,'PLATE COUNT-MMEAKSHI MESS'!$B$4:$F$15,4,0) -> 11822 | J9: =VLOOKUP($B$5:$B$16,'FOOD WASTAGE-MEENAKSHI MESS'!$B$4:$F$15,4,0) -> 0 | K9: =IFERROR(SUM(I9/J9),"0") -> 0 | L9: =VLOOKUP($B$5:$B$16,'PLATE COUNT-MMEAKSHI MESS'!$B$4:$F$15,5,0) -> 11822 | M9: =VLOOKUP($B$5:$B$16,'FOOD WASTAGE-MEENAKSHI MESS'!$B$4:$F$15,5,0) -> 275.5 | N9: =IFERROR(SUM(M9/L9*100),"0") -> 2.3304009 | P9: Jul-2023 | Q9: =VLOOKUP($P$6:$P$17,$B$4:$N$16,4,0) -> 7.0638298 | R9: =VLOOKUP($P$6:$P$17,$B$4:$N$16,7,0) -> 14.109698 | S9: =VLOOKUP($P$6:$P$17,$B$4:$N$16,10,0) -> 0 | T9: =VLOOKUP($P$6:$P$17,$B$4:$N$16,13,0) -> 12.489233 | U9: =SUM(Q9:T9)/4 -> 8.4156903
A10: 6 | B10: Sep-2023 | C10: =VLOOKUP($B$5:$B$16,'PLATE COUNT-MMEAKSHI MESS'!$B$4:$F$15,2,0) -> 10380 | D10: =VLOOKUP($B$5:$B$16,'FOOD WASTAGE-MEENAKSHI MESS'!$B$4:$F$15,2,0) -> 205 | E10: =IFERROR(SUM(D10/C10*100),"0") -> 1.9749518 | F10: =VLOOKUP($B$5:$B$16,'PLATE COUNT-MMEAKSHI MESS'!$B$4:$F$15,3,0) -> 12067 | G10: =VLOOKUP($B$5:$B$16,'FOOD WASTAGE-MEENAKSHI MESS'!$B$4:$F$15,3,0) -> 297 | H10: =IFERROR(SUM(G10/F10*100),"0") -> 2.461258 | I10: =VLOOKUP($B$5:$B$16,'PLATE COUNT-MMEAKSHI MESS'!$B$4:$F$15,4,0) -> 12467 | J10: =VLOOKUP($B$5:$B$16,'FOOD WASTAGE-MEENAKSHI MESS'!$B$4:$F$15,4,0) -> 0 | K10: =IFERROR(SUM(I10/J10),"0") -> 0 | L10: =VLOOKUP($B$5:$B$16,'PLATE COUNT-MMEAKSHI MESS'!$B$4:$F$15,5,0) -> 12467 | M10: =VLOOKUP($B$5:$B$16,'FOOD WASTAGE-MEENAKSHI MESS'!$B$4:$F$15,5,0) -> 341 | N10: =IFERROR(SUM(M10/L10*100),"0") -> 2.735221 | P10: Aug-2023 | Q10: =VLOOKUP($P$6:$P$17,$B$4:$N$16,4,0) -> 2.041761 | R10: =VLOOKUP($P$6:$P$17,$B$4:$N$16,7,0) -> 2.4919094 | S10: =VLOOKUP($P$6:$P$17,$B$4:$N$16,10,0) -> 0 | T10: =VLOOKUP($P$6:$P$17,$B$4:$N$16,13,0) -> 2.3304009 | U10: =SUM(Q10:T10)/4 -> 1.7160178
A11: 7 | B11: Oct-2023 | C11: =VLOOKUP($B$5:$B$16,'PLATE COUNT-MMEAKSHI MESS'!$B$4:$F$15,2,0) -> 9230 | D11: =VLOOKUP($B$5:$B$16,'FOOD WASTAGE-MEENAKSHI MESS'!$B$4:$F$15,2,0) -> 183 | E11: =IFERROR(SUM(D11/C11*100),"0") -> 1.9826652 | F11: =VLOOKUP($B$5:$B$16,'PLATE COUNT-MMEAKSHI MESS'!$B$4:$F$15,3,0) -> 18922 | G11: =VLOOKUP($B$5:$B$16,'FOOD WASTAGE-MEENAKSHI MESS'!$B$4:$F$15,3,0) -> 309 | H11: =IFERROR(SUM(G11/F11*100),"0") -> 1.6330198 | I11: =VLOOKUP($B$5:$B$16,'PLATE COUNT-MMEAKSHI MESS'!$B$4:$F$15,4,0) -> 12152 | J11: =VLOOKUP($B$5:$B$16,'FOOD WASTAGE-MEENAKSHI MESS'!$B$4:$F$15,4,0) -> 0 | K11: =IFERROR(SUM(I11/J11),"0") -> 0 | L11: =VLOOKUP($B$5:$B$16,'PLATE COUNT-MMEAKSHI MESS'!$B$4:$F$15,5,0) -> 12142 | M11: =VLOOKUP($B$5:$B$16,'FOOD WASTAGE-MEENAKSHI MESS'!$B$4:$F$15,5,0) -> 382 | N11: =IFERROR(SUM(M11/L11*100),"0") -> 3.1461044 | P11: Sep-2023 | Q11: =VLOOKUP($P$6:$P$17,$B$4:$N$16,4,0) -> 1.9749518 | R11: =VLOOKUP($P$6:$P$17,$B$4:$N$16,7,0) -> 2.461258 | S11: =VLOOKUP($P$6:$P$17,$B$4:$N$16,10,0) -> 0 | T11: =VLOOKUP($P$6:$P$17,$B$4:$N$16,13,0) -> 2.735221 | U11: =SUM(Q11:T11)/4 -> 1.7928577
A12: 8 | B12: Nov-2023 | C12: =VLOOKUP($B$5:$B$16,'PLATE COUNT-MMEAKSHI MESS'!$B$4:$F$15,2,0) -> 8170 | D12: =VLOOKUP($B$5:$B$16,'FOOD WASTAGE-MEENAKSHI MESS'!$B$4:$F$15,2,0) -> 181 | E12: =IFERROR(SUM(D12/C12*100),"0") -> 2.2154223 | F12: =VLOOKUP($B$5:$B$16,'PLATE COUNT-MMEAKSHI MESS'!$B$4:$F$15,3,0) -> 11536 | G12: =VLOOKUP($B$5:$B$16,'FOOD WASTAGE-MEENAKSHI MESS'!$B$4:$F$15,3,0) -> 376 | H12: =IFERROR(SUM(G12/F12*100),"0") -> 3.259362 | I12: =VLOOKUP($B$5:$B$16,'PLATE COUNT-MMEAKSHI MESS'!$B$4:$F$15,4,0) -> 12450 | J12: =VLOOKUP($B$5:$B$16,'FOOD WASTAGE-MEENAKSHI MESS'!$B$4:$F$15,4,0) -> 0 | K12: =IFERROR(SUM(I12/J12),"0") -> 0 | L12: =VLOOKUP($B$5:$B$16,'PLATE COUNT-MMEAKSHI MESS'!$B$4:$F$15,5,0) -> 12450 | M12: =VLOOKUP($B$5:$B$16,'FOOD WASTAGE-MEENAKSHI MESS'!$B$4:$F$15,5,0) -> 469 | N12: =IFERROR(SUM(M12/L12*100),"0") -> 3.7670683 | P12: Oct-2023 | Q12: =VLOOKUP($P$6:$P$17,$B$4:$N$16,4,0) -> 1.9826652 | R12: =VLOOKUP($P$6:$P$17,$B$4:$N$16,7,0) -> 1.6330198 | S12: =VLOOKUP($P$6:$P$17,$B$4:$N$16,10,0) -> 0 | T12: =VLOOKUP($P$6:$P$17,$B$4:$N$16,13,0) -> 3.1461044 | U12: =SUM(Q12:T12)/4 -> 1.6904474
A13: 9 | B13: Dec-2023 | C13: =VLOOKUP($B$5:$B$16,'PLATE COUNT-MMEAKSHI MESS'!$B$4:$F$15,2,0) -> 5311 | D13: =VLOOKUP($B$5:$B$16,'FOOD WASTAGE-MEENAKSHI MESS'!$B$4:$F$15,2,0) -> 116 | E13: =IFERROR(SUM(D13/C13*100),"0") -> 2.1841461 | F13: =VLOOKUP($B$5:$B$16,'PLATE COUNT-MMEAKSHI MESS'!$B$4:$F$15,3,0) -> 6570 | G13: =VLOOKUP($B$5:$B$16,'FOOD WASTAGE-MEENAKSHI MESS'!$B$4:$F$15,3,0) -> 241 | H13: =IFERROR(SUM(G13/F13*100),"0") -> 3.6681887 | I13: =VLOOKUP($B$5:$B$16,'PLATE COUNT-MMEAKSHI MESS'!$B$4:$F$15,4,0) -> 7129 | J13: =VLOOKUP($B$5:$B$16,'FOOD WASTAGE-MEENAKSHI MESS'!$B$4:$F$15,4,0) -> 0 | K13: =IFERROR(SUM(I13/J13),"0") -> 0 | L13: =VLOOKUP($B$5:$B$16,'PLATE COUNT-MMEAKSHI MESS'!$B$4:$F$15,5,0) -> 7162 | M13: =VLOOKUP($B$5:$B$16,'FOOD WASTAGE-MEENAKSHI MESS'!$B$4:$F$15,5,0) -> 301 | N13: =IFERROR(SUM(M13/L13*100),"0") -> 4.2027367 | P13: Nov-2023 | Q13: =VLOOKUP($P$6:$P$17,$B$4:$N$16,4,0) -> 2.2154223 | R13: =VLOOKUP($P$6:$P$17,$B$4:$N$16,7,0) -> 3.259362 | S13: =VLOOKUP($P$6:$P$17,$B$4:$N$16,10,0) -> 0 | T13: =VLOOKUP($P$6:$P$17,$B$4:$N$16,13,0) -> 3.7670683 | U13: =SUM(Q13:T13)/4 -> 2.3104631
A14: 10 | B14: Jan-2024 | C14: =VLOOKUP($B$5:$B$16,'PLATE COUNT-MMEAKSHI MESS'!$B$4:$F$15,2,0) -> 6037 | D14: =VLOOKUP($B$5:$B$16,'FOOD WASTAGE-MEENAKSHI MESS'!$B$4:$F$15,2,0) -> 135 | E14: =IFERROR(SUM(D14/C14*100),"0") -> 2.23621 | F14: =VLOOKUP($B$5:$B$16,'PLATE COUNT-MMEAKSHI MESS'!$B$4:$F$15,3,0) -> 10480 | G14: =VLOOKUP($B$5:$B$16,'FOOD WASTAGE-MEENAKSHI MESS'!$B$4:$F$15,3,0) -> 245 | H14: =IFERROR(SUM(G14/F14*100),"0") -> 2.3377863 | I14: =VLOOKUP($B$5:$B$16,'PLATE COUNT-MMEAKSHI MESS'!$B$4:$F$15,4,0) -> 8330 | J14: =VLOOKUP($B$5:$B$16,'FOOD WASTAGE-MEENAKSHI MESS'!$B$4:$F$15,4,0) -> 0 | K14: =IFERROR(SUM(I14/J14),"0") -> 0 | L14: =VLOOKUP($B$5:$B$16,'PLATE COUNT-MMEAKSHI MESS'!$B$4:$F$15,5,0) -> 8360 | M14: =VLOOKUP($B$5:$B$16,'FOOD WASTAGE-MEENAKSHI MESS'!$B$4:$F$15,5,0) -> 299 | N14: =IFERROR(SUM(M14/L14*100),"0") -> 3.576555 | P14: Dec-2023 | Q14: =VLOOKUP($P$6:$P$17,$B$4:$N$16,4,0) -> 2.1841461 | R14: =VLOOKUP($P$6:$P$17,$B$4:$N$16,7,0) -> 3.6681887 | S14: =VLOOKUP($P$6:$P$17,$B$4:$N$16,10,0) -> 0 | T14: =VLOOKUP($P$6:$P$17,$B$4:$N$16,13,0) -> 4.2027367 | U14: =SUM(Q14:T14)/4 -> 2.5137679
A15: 11 | B15: Feb-2024 | C15: =VLOOKUP($B$5:$B$16,'PLATE COUNT-MMEAKSHI MESS'!$B$4:$F$15,2,0) -> 8028 | D15: =VLOOKUP($B$5:$B$16,'FOOD WASTAGE-MEENAKSHI MESS'!$B$4:$F$15,2,0) -> 167 | E15: =IFERROR(SUM(D15/C15*100),"0") -> 2.0802192 | F15: =VLOOKUP($B$5:$B$16,'PLATE COUNT-MMEAKSHI MESS'!$B$4:$F$15,3,0) -> 11052 | G15: =VLOOKUP($B$5:$B$16,'FOOD WASTAGE-MEENAKSHI MESS'!$B$4:$F$15,3,0) -> 444 | H15: =IFERROR(SUM(G15/F15*100),"0") -> 4.0173724 | I15: =VLOOKUP($B$5:$B$16,'PLATE COUNT-MMEAKSHI MESS'!$B$4:$F$15,4,0) -> 11849 | J15: =VLOOKUP($B$5:$B$16,'FOOD WASTAGE-MEENAKSHI MESS'!$B$4:$F$15,4,0) -> 0 | K15: =IFERROR(SUM(I15/J15),"0") -> 0 | L15: =VLOOKUP($B$5:$B$16,'PLATE COUNT-MMEAKSHI MESS'!$B$4:$F$15,5,0) -> 11879 | M15: =VLOOKUP($B$5:$B$16,'FOOD WASTAGE-MEENAKSHI MESS'!$B$4:$F$15,5,0) -> 491 | N15: =IFERROR(SUM(M15/L15*100),"0") -> 4.1333446 | P15: Jan-2024 | Q15: =VLOOKUP($P$6:$P$17,$B$4:$N$16,4,0) -> 2.23621 | R15: =VLOOKUP($P$6:$P$17,$B$4:$N$16,7,0) -> 2.3377863 | S15: =VLOOKUP($P$6:$P$17,$B$4:$N$16,10,0) -> 0 | T15: =VLOOKUP($P$6:$P$17,$B$4:$N$16,13,0) -> 3.576555 | U15: =SUM(Q15:T15)/4 -> 2.0376378
A16: 12 | B16: Mar-2024 | C16: =VLOOKUP($B$5:$B$16,'PLATE COUNT-MMEAKSHI MESS'!$B$4:$F$15,2,0) -> 8205 | D16: =VLOOKUP($B$5:$B$16,'FOOD WASTAGE-MEENAKSHI MESS'!$B$4:$F$15,2,0) -> 133 | E16: =IFERROR(SUM(D16/C16*100),"0") -> 1.6209628 | F16: =VLOOKUP($B$5:$B$16,'PLATE COUNT-MMEAKSHI MESS'!$B$4:$F$15,3,0) -> 11050 | G16: =VLOOKUP($B$5:$B$16,'FOOD WASTAGE-MEENAKSHI MESS'!$B$4:$F$15,3,0) -> 541 | H16: =IFERROR(SUM(G16/F16*100),"0") -> 4.8959276 | I16: =VLOOKUP($B$5:$B$16,'PLATE COUNT-MMEAKSHI MESS'!$B$4:$F$15,4,0) -> 11915 | J16: =VLOOKUP($B$5:$B$16,'FOOD WASTAGE-MEENAKSHI MESS'!$B$4:$F$15,4,0) -> 0 | K16: =IFERROR(SUM(I16/J16),"0") -> 0 | L16: =VLOOKUP($B$5:$B$16,'PLATE COUNT-MMEAKSHI MESS'!$B$4:$F$15,5,0) -> 11915 | M16: =VLOOKUP($B$5:$B$16,'FOOD WASTAGE-MEENAKSHI MESS'!$B$4:$F$15,5,0) -> 638 | N16: =IFERROR(SUM(M16/L16*100),"0") -> 5.354595 | P16: Feb-2024 | Q16: =VLOOKUP($P$6:$P$17,$B$4:$N$16,4,0) -> 2.0802192 | R16: =VLOOKUP($P$6:$P$17,$B$4:$N$16,7,0) -> 4.0173724 | S16: =VLOOKUP($P$6:$P$17,$B$4:$N$16,10,0) -> 0 | T16: =VLOOKUP($P$6:$P$17,$B$4:$N$16,13,0) -> 4.1333446 | U16: =SUM(Q16:T16)/4 -> 2.5577341
B17: Grand Total | C17: =SUBTOTAL(9,C4:C16) -> 80098 | D17: =SUBTOTAL(9,D4:D16) -> 1760.5 | E17: =SUBTOTAL(9,E4:E16) -> 31.828871 | F17: =SUBTOTAL(9,F4:F16) -> 111050 | G17: =SUBTOTAL(9,G4:G16) -> 3992.5 | H17: =SUBTOTAL(9,H4:H16) -> 59.597373 | I17: =SUBTOTAL(9,I4:I16) -> 107304 | J17: =SUBTOTAL(9,J4:J16) -> 0 | ... N17: =SUBTOTAL(9,N4:N16) -> 63.342882 | P17: Mar-2024 | Q17: =VLOOKUP($P$6:$P$17,$B$4:$N$16,4,0) -> 1.6209628 | R17: =VLOOKUP($P$6:$P$17,$B$4:$N$16,7,0) -> 4.8959276 | S17: =VLOOKUP($P$6:$P$17,$B$4:$N$16,10,0) -> 0 | T17: =VLOOKUP($P$6:$P$17,$B$4:$N$16,13,0) -> 5.354595 | U17: =SUM(Q17:T17)/4 -> 2.9678714
R19: YEAR WISE FOOE WASTAGE -MEENAKSHI-MESS (APRIL TO MARCH-2023 TO 2024) | U19: =SUM(U6:U17)/(12) -> 3.2243568

Sheet FOOD WASTAGE-STAFF MESS
A1: FOOD WASTAGE REPORT-APRIL TO MARCH-2023-2024
A2: MESS WISE REPORT-STAFF MESS
A3: S.NO | B3: MONTH WISE | C3: Break Fast | D3: Lunch | E3: Snacks with Tea | F3: Dinner | G3: TOTAL FOOD WASTAGE
A4: 1 | B4: Apr-2023 | C4: 716 | D4: 1499 | E4: 0 | F4: 521 | G4: =SUM(C4:F4) -> 2736
A5: 2 | B5: May-2023 | C5: 729 | D5: 1567 | E5: 0 | F5: 590 | G5: =SUM(C5:F5) -> 2886
A6: 3 | B6: Jun-2023 | C6: 902 | D6: 1630 | E6: 0 | F6: 714 | G6: =SUM(C6:F6) -> 3246
A7: 4 | B7: Jul-2023 | C7: 1064 | D7: 1694 | E7: 0 | F7: 812 | G7: =SUM(C7:F7) -> 3570
A8: 5 | B8: Aug-2023 | C8: 983 | D8: 1706 | E8: 0 | F8: 809 | G8: =SUM(C8:F8) -> 3498
A9: 6 | B9: Sep-2023 | C9: 697 | D9: 1443 | E9: 0 | F9: 683 | G9: =SUM(C9:F9) -> 2823
A10: 7 | B10: Oct-2023 | C10: 744 | D10: 1644 | E10: 0 | F10: 675 | G10: =SUM(C10:F10) -> 3063
A11: 8 | B11: Nov-2023 | C11: 713 | D11: 1525 | E11: 0 | F11: 647 | G11: =SUM(C11:F11) -> 2885
A12: 9 | B12: Dec-2023 | C12: 762 | D12: 1474 | E12: 0 | F12: 566 | G12: =SUM(C12:F12) -> 2802
A13: 10 | B13: Jan-2024 | C13: 679 | D13: 1287 | E13: 0 | F13: 575 | G13: =SUM(C13:F13) -> 2541
A14: 11 | B14: Feb-2024 | C14: 702 | D14: 1233 | E14: 0 | F14: 470 | G14: =SUM(C14:F14) -> 2405
A15: 12 | B15: Mar-2024 | C15: 691 | D15: 1225 | E15: 0 | F15: 473 | G15: =SUM(C15:F15) -> 2389
B16: Grand Total | C16: =SUBTOTAL(9,C4:C15) -> 9382 | D16: =SUBTOTAL(9,D4:D15) -> 17927 | E16: =SUBTOTAL(9,E4:E15) -> 0 | F16: =SUBTOTAL(9,F4:F15) -> 7535 | G16: =SUBTOTAL(9,G4:G15) -> 34844

Sheet PLATE COUNT-STAFF MESS
A1: STAFF PLATE COUNT REPORT-APRIL TO MARCH-2023-2024
A2: PLATE COUNT REPORT-STAFF MESS
A3: S.NO | B3: Break Fast | C3: Break Fast | D3: Lunch | E3: Snacks with Tea | F3: Dinner | G3: Total Plate Count
A4: 1 | B4: Apr-2023 | C4: 12528 | D4: 17466 | E4: 7781 | F4: 7044 | G4: =SUM(C4:F4) -> 44819
A5: 2 | B5: May-2023 | C5: 13951 | D5: 22240 | E5: 9990 | F5: 9990 | G5: =SUM(C5:F5) -> 56171
A6: 3 | B6: Jun-2023 | C6: 18063 | D6: 23297 | E6: 12504 | F6: 12539 | G6: =SUM(C6:F6) -> 66403
A7: 4 | B7: Jul-2023 | C7: 24139 | D7: 27619 | E7: 18746 | F7: 18746 | G7: =SUM(C7:F7) -> 89250
A8: 5 | B8: Aug-2023 | C8: 24507 | D8: 26746 | E8: 19371 | F8: 19514 | G8: =SUM(C8:F8) -> 90138
A9: 6 | B9: Sep-2023 | C9: 23272 | D9: 22932 | E9: 16988 | F9: 16988 | G9: =SUM(C9:F9) -> 80180
A10: 7 | B10: Oct-2023 | C10: 22343 | D10: 27087 | E10: 13532 | F10: 13532 | G10: =SUM(C10:F10) -> 76494
A11: 8 | B11: Nov-2023 | C11: 20244 | D11: 21583 | E11: 10143 | F11: 10143 | G11: =SUM(C11:F11) -> 62113
A12: 9 | B12: Dec-2023 | C12: 20462 | D12: 21808 | E12: 8604 | F12: 8604 | G12: =SUM(C12:F12) -> 59478
A13: 10 | B13: Jan-2024 | C13: 21647 | D13: 21145 | E13: 8859 | F13: 8689 | G13: =SUM(C13:F13) -> 60340
A14: 11 | B14: Feb-2024 | C14: 20814 | D14: 21988 | E14: 6774 | F14: 6777 | G14: =SUM(C14:F14) -> 56353
A15: 12 | B15: Mar-2024 | C15: 21427 | D15: 22148 | E15: 7053 | F15: 7053 | G15: =SUM(C15:F15) -> 57681
B16: Grand Total | C16: =SUBTOTAL(9,C4:C15) -> 243397 | D16: =SUBTOTAL(9,D4:D15) -> 276059 | E16: =SUBTOTAL(9,E4:E15) -> 140345 | F16: =SUBTOTAL(9,F4:F15) -> 139619 | G16: =SUBTOTAL(9,G4:G15) -> 799420

Sheet REPORT -STAFF MESS
A1: SRM IST HOSTEL MESS
A2: STAFF MESS -MESS PLATE COUNT& FOOD WASTAGE -APRIL TO MARCH-2023-2024
A3: DESCRIPTION | C3: Plate Count | D3: Food Wastage | E3: Percantage of Food Wastage % | F3: Plate Count | G3: Food Wastage | H3: Percantage of Food Wastage % | I3: Plate Count | J3: Food Wastage | K3: Percantage of Food Wastage % | L3: Plate Count | M3: Food Wastage | N3: Percantage of Food Wastage % | P3: SRM IST HOSTEL MESS
A4: S.NO | B4: MONTH WISE | C4: Break Fast | D4: Break Fast | E4: Break Fast | F4: Lunch | G4: Lunch | H4: Lunch | I4: Snacks with Tea | J4: Snacks with Tea | K4: Snacks with Tea | L4: Dinner | M4: Dinner | N4: Dinner | P4: STAFF MESS-PERCEANTAGE OF FOOD WASTAGE-APRIL TO MARCH-2023 TO 2024
A5: 1 | B5: Apr-2023 | C5: =VLOOKUP($B$5:$B$16,'PLATE COUNT-STAFF MESS'!$B$4:$F$15,2,0) -> 12528 | D5: =VLOOKUP($B$5:$B$16,'FOOD WASTAGE-STAFF MESS'!$B$4:$F$15,2,0) -> 716 | E5: =IFERROR(SUM(D5/C5*100),"0") -> 5.715198 | F5: =VLOOKUP($B$5:$B$16,'PLATE COUNT-STAFF MESS'!$B$4:$F$15,3,0) -> 17466 | G5: =VLOOKUP($B$5:$B$16,'FOOD WASTAGE-STAFF MESS'!$B$4:$F$15,3,0) -> 1499 | H5: =IFERROR(SUM(G5/F5*100),"0") -> 8.5823886 | I5: =VLOOKUP($B$5:$B$16,'PLATE COUNT-STAFF MESS'!$B$4:$F$15,4,0) -> 7781 | J5: =VLOOKUP($B$5:$B$16,'FOOD WASTAGE-STAFF MESS'!$B$4:$F$15,4,0) -> 0 | K5: =IFERROR(SUM(I5/J5),"0") -> 0 | L5: =VLOOKUP($B$5:$B$16,'PLATE COUNT-STAFF MESS'!$B$4:$F$15,5,0) -> 7044 | M5: =VLOOKUP($B$5:$B$16,'FOOD WASTAGE-STAFF MESS'!$B$4:$F$15,5,0) -> 521 | N5: =IFERROR(SUM(M5/L5*100),"0") -> 7.3963657 | P5: MONTH WISE | Q5: Break Fast | R5: Lunch | S5: Snacks with Tea | T5: Dinner | U5: MONTH WISE AVERAGE
A6: 2 | B6: May-2023 | C6: =VLOOKUP($B$5:$B$16,'PLATE COUNT-STAFF MESS'!$B$4:$F$15,2,0) -> 13951 | D6: =VLOOKUP($B$5:$B$16,'FOOD WASTAGE-STAFF MESS'!$B$4:$F$15,2,0) -> 729 | E6: =IFERROR(SUM(D6/C6*100),"0") -> 5.2254319 | F6: =VLOOKUP($B$5:$B$16,'PLATE COUNT-STAFF MESS'!$B$4:$F$15,3,0) -> 22240 | G6: =VLOOKUP($B$5:$B$16,'FOOD WASTAGE-STAFF MESS'!$B$4:$F$15,3,0) -> 1567 | H6: =IFERROR(SUM(G6/F6*100),"0") -> 7.0458633 | I6: =VLOOKUP($B$5:$B$16,'PLATE COUNT-STAFF MESS'!$B$4:$F$15,4,0) -> 9990 | J6: =VLOOKUP($B$5:$B$16,'FOOD WASTAGE-STAFF MESS'!$B$4:$F$15,4,0) -> 0 | K6: =IFERROR(SUM(I6/J6),"0") -> 0 | L6: =VLOOKUP($B$5:$B$16,'PLATE COUNT-STAFF MESS'!$B$4:$F$15,5,0) -> 9990 | M6: =VLOOKUP($B$5:$B$16,'FOOD WASTAGE-STAFF MESS'!$B$4:$F$15,5,0) -> 590 | N6: =IFERROR(SUM(M6/L6*100),"0") -> 5.9059059 | P6: Apr-2023 | Q6: =VLOOKUP($P$6:$P$17,$B$4:$N$16,4,0) -> 5.715198 | R6: =VLOOKUP($P$6:$P$17,$B$4:$N$16,7,0) -> 8.5823886 | S6: =VLOOKUP($P$6:$P$17,$B$4:$N$16,10,0) -> 0 | T6: =VLOOKUP($P$6:$P$17,$B$4:$N$16,13,0) -> 7.3963657 | U6: =SUM(Q6:T6)/4 -> 5.4234881
A7: 3 | B7: Jun-2023 | C7: =VLOOKUP($B$5:$B$16,'PLATE COUNT-STAFF MESS'!$B$4:$F$15,2,0) -> 18063 | D7: =VLOOKUP($B$5:$B$16,'FOOD WASTAGE-STAFF MESS'!$B$4:$F$15,2,0) -> 902 | E7: =IFERROR(SUM(D7/C7*100),"0") -> 4.9936334 | F7: =VLOOKUP($B$5:$B$16,'PLATE COUNT-STAFF MESS'!$B$4:$F$15,3,0) -> 23297 | G7: =VLOOKUP($B$5:$B$16,'FOOD WASTAGE-STAFF MESS'!$B$4:$F$15,3,0) -> 1630 | H7: =IFERROR(SUM(G7/F7*100),"0") -> 6.996609 | I7: =VLOOKUP($B$5:$B$16,'PLATE COUNT-STAFF MESS'!$B$4:$F$15,4,0) -> 12504 | J7: =VLOOKUP($B$5:$B$16,'FOOD WASTAGE-STAFF MESS'!$B$4:$F$15,4,0) -> 0 | K7: =IFERROR(SUM(I7/J7),"0") -> 0 | L7: =VLOOKUP($B$5:$B$16,'PLATE COUNT-STAFF MESS'!$B$4:$F$15,5,0) -> 12539 | M7: =VLOOKUP($B$5:$B$16,'FOOD WASTAGE-STAFF MESS'!$B$4:$F$15,5,0) -> 714 | N7: =IFERROR(SUM(M7/L7*100),"0") -> 5.694234 | P7: May-2023 | Q7: =VLOOKUP($P$6:$P$17,$B$4:$N$16,4,0) -> 5.2254319 | R7: =VLOOKUP($P$6:$P$17,$B$4:$N$16,7,0) -> 7.0458633 | S7: =VLOOKUP($P$6:$P$17,$B$4:$N$16,10,0) -> 0 | T7: =VLOOKUP($P$6:$P$17,$B$4:$N$16,13,0) -> 5.9059059 | U7: =SUM(Q7:T7)/4 -> 4.5443003
A8: 4 | B8: Jul-2023 | C8: =VLOOKUP($B$5:$B$16,'PLATE COUNT-STAFF MESS'!$B$4:$F$15,2,0) -> 24139 | D8: =VLOOKUP($B$5:$B$16,'FOOD WASTAGE-STAFF MESS'!$B$4:$F$15,2,0) -> 1064 | E8: =IFERROR(SUM(D8/C8*100),"0") -> 4.4078048 | F8: =VLOOKUP($B$5:$B$16,'PLATE COUNT-STAFF MESS'!$B$4:$F$15,3,0) -> 27619 | G8: =VLOOKUP($B$5:$B$16,'FOOD WASTAGE-STAFF MESS'!$B$4:$F$15,3,0) -> 1694 | H8: =IFERROR(SUM(G8/F8*100),"0") -> 6.1334589 | I8: =VLOOKUP($B$5:$B$16,'PLATE COUNT-STAFF MESS'!$B$4:$F$15,4,0) -> 18746 | J8: =VLOOKUP($B$5:$B$16,'FOOD WASTAGE-STAFF MESS'!$B$4:$F$15,4,0) -> 0 | K8: =IFERROR(SUM(I8/J8),"0") -> 0 | L8: =VLOOKUP($B$5:$B$16,'PLATE COUNT-STAFF MESS'!$B$4:$F$15,5,0) -> 18746 | M8: =VLOOKUP($B$5:$B$16,'FOOD WASTAGE-STAFF MESS'!$B$4:$F$15,5,0) -> 812 | N8: =IFERROR(SUM(M8/L8*100),"0") -> 4.3315907 | P8: Jun-2023 | Q8: =VLOOKUP($P$6:$P$17,$B$4:$N$16,4,0) -> 4.9936334 | R8: =VLOOKUP($P$6:$P$17,$B$4:$N$16,7,0) -> 6.996609 | S8: =VLOOKUP($P$6:$P$17,$B$4:$N$16,10,0) -> 0 | T8: =VLOOKUP($P$6:$P$17,$B$4:$N$16,13,0) -> 5.694234 | U8: =SUM(Q8:T8)/4 -> 4.4211191
A9: 5 | B9: Aug-2023 | C9: =VLOOKUP($B$5:$B$16,'PLATE COUNT-STAFF MESS'!$B$4:$F$15,2,0) -> 24507 | D9: =VLOOKUP($B$5:$B$16,'FOOD WASTAGE-STAFF MESS'!$B$4:$F$15,2,0) -> 983 | E9: =IFERROR(SUM(D9/C9*100),"0") -> 4.0110989 | F9: =VLOOKUP($B$5:$B$16,'PLATE COUNT-STAFF MESS'!$B$4:$F$15,3,0) -> 26746 | G9: =VLOOKUP($B$5:$B$16,'FOOD WASTAGE-STAFF MESS'!$B$4:$F$15,3,0) -> 1706 | H9: =IFERROR(SUM(G9/F9*100),"0") -> 6.3785239 | I9: =VLOOKUP($B$5:$B$16,'PLATE COUNT-STAFF MESS'!$B$4:$F$15,4,0) -> 19371 | J9: =VLOOKUP($B$5:$B$16,'FOOD WASTAGE-STAFF MESS'!$B$4:$F$15,4,0) -> 0 | K9: =IFERROR(SUM(I9/J9),"0") -> 0 | L9: =VLOOKUP($B$5:$B$16,'PLATE COUNT-STAFF MESS'!$B$4:$F$15,5,0) -> 19514 | M9: =VLOOKUP($B$5:$B$16,'FOOD WASTAGE-STAFF MESS'!$B$4:$F$15,5,0) -> 809 | N9: =IFERROR(SUM(M9/L9*100),"0") -> 4.1457415 | P9: Jul-2023 | Q9: =VLOOKUP($P$6:$P$17,$B$4:$N$16,4,0) -> 4.4078048 | R9: =VLOOKUP($P$6:$P$17,$B$4:$N$16,7,0) -> 6.1334589 | S9: =VLOOKUP($P$6:$P$17,$B$4:$N$16,10,0) -> 0 | T9: =VLOOKUP($P$6:$P$17,$B$4:$N$16,13,0) -> 4.3315907 | U9: =SUM(Q9:T9)/4 -> 3.7182136
A10: 6 | B10: Sep-2023 | C10: =VLOOKUP($B$5:$B$16,'PLATE COUNT-STAFF MESS'!$B$4:$F$15,2,0) -> 23272 | D10: =VLOOKUP($B$5:$B$16,'FOOD WASTAGE-STAFF MESS'!$B$4:$F$15,2,0) -> 697 | E10: =IFERROR(SUM(D10/C10*100),"0") -> 2.9950155 | F10: =VLOOKUP($B$5:$B$16,'PLATE COUNT-STAFF MESS'!$B$4:$F$15,3,0) -> 22932 | G10: =VLOOKUP($B$5:$B$16,'FOOD WASTAGE-STAFF MESS'!$B$4:$F$15,3,0) -> 1443 | H10: =IFERROR(SUM(G10/F10*100),"0") -> 6.292517 | I10: =VLOOKUP($B$5:$B$16,'PLATE COUNT-STAFF MESS'!$B$4:$F$15,4,0) -> 16988 | J10: =VLOOKUP($B$5:$B$16,'FOOD WASTAGE-STAFF MESS'!$B$4:$F$15,4,0) -> 0 | K10: =IFERROR(SUM(I10/J10),"0") -> 0 | L10: =VLOOKUP($B$5:$B$16,'PLATE COUNT-STAFF MESS'!$B$4:$F$15,5,0) -> 16988 | M10: =VLOOKUP($B$5:$B$16,'FOOD WASTAGE-STAFF MESS'!$B$4:$F$15,5,0) -> 683 | N10: =IFERROR(SUM(M10/L10*100),"0") -> 4.020485 | P10: Aug-2023 | Q10: =VLOOKUP($P$6:$P$17,$B$4:$N$16,4,0) -> 4.0110989 | R10: =VLOOKUP($P$6:$P$17,$B$4:$N$16,7,0) -> 6.3785239 | S10: =VLOOKUP($P$6:$P$17,$B$4:$N$16,10,0) -> 0 | T10: =VLOOKUP($P$6:$P$17,$B$4:$N$16,13,0) -> 4.1457415 | U10: =SUM(Q10:T10)/4 -> 3.6338411
A11: 7 | B11: Oct-2023 | C11: =VLOOKUP($B$5:$B$16,'PLATE COUNT-STAFF MESS'!$B$4:$F$15,2,0) -> 22343 | D11: =VLOOKUP($B$5:$B$16,'FOOD WASTAGE-STAFF MESS'!$B$4:$F$15,2,0) -> 744 | E11: =IFERROR(SUM(D11/C11*100),"0") -> 3.329902 | F11: =VLOOKUP($B$5:$B$16,'PLATE COUNT-STAFF MESS'!$B$4:$F$15,3,0) -> 27087 | G11: =VLOOKUP($B$5:$B$16,'FOOD WASTAGE-STAFF MESS'!$B$4:$F$15,3,0) -> 1644 | H11: =IFERROR(SUM(G11/F11*100),"0") -> 6.0693322 | I11: =VLOOKUP($B$5:$B$16,'PLATE COUNT-STAFF MESS'!$B$4:$F$15,4,0) -> 13532 | J11: =VLOOKUP($B$5:$B$16,'FOOD WASTAGE-STAFF MESS'!$B$4:$F$15,4,0) -> 0 | K11: =IFERROR(SUM(I11/J11),"0") -> 0 | L11: =VLOOKUP($B$5:$B$16,'PLATE COUNT-STAFF MESS'!$B$4:$F$15,5,0) -> 13532 | M11: =VLOOKUP($B$5:$B$16,'FOOD WASTAGE-STAFF MESS'!$B$4:$F$15,5,0) -> 675 | N11: =IFERROR(SUM(M11/L11*100),"0") -> 4.9881762 | P11: Sep-2023 | Q11: =VLOOKUP($P$6:$P$17,$B$4:$N$16,4,0) -> 2.9950155 | R11: =VLOOKUP($P$6:$P$17,$B$4:$N$16,7,0) -> 6.292517 | S11: =VLOOKUP($P$6:$P$17,$B$4:$N$16,10,0) -> 0 | T11: =VLOOKUP($P$6:$P$17,$B$4:$N$16,13,0) -> 4.020485 | U11: =SUM(Q11:T11)/4 -> 3.3270044
A12: 8 | B12: Nov-2023 | C12: =VLOOKUP($B$5:$B$16,'PLATE COUNT-STAFF MESS'!$B$4:$F$15,2,0) -> 20244 | D12: =VLOOKUP($B$5:$B$16,'FOOD WASTAGE-STAFF MESS'!$B$4:$F$15,2,0) -> 713 | E12: =IFERROR(SUM(D12/C12*100),"0") -> 3.5220312 | F12: =VLOOKUP($B$5:$B$16,'PLATE COUNT-STAFF MESS'!$B$4:$F$15,3,0) -> 21583 | G12: =VLOOKUP($B$5:$B$16,'FOOD WASTAGE-STAFF MESS'!$B$4:$F$15,3,0) -> 1525 | H12: =IFERROR(SUM(G12/F12*100),"0") -> 7.0657462 | I12: =VLOOKUP($B$5:$B$16,'PLATE COUNT-STAFF MESS'!$B$4:$F$15,4,0) -> 10143 | J12: =VLOOKUP($B$5:$B$16,'FOOD WASTAGE-STAFF MESS'!$B$4:$F$15,4,0) -> 0 | K12: =IFERROR(SUM(I12/J12),"0") -> 0 | L12: =VLOOKUP($B$5:$B$16,'PLATE COUNT-STAFF MESS'!$B$4:$F$15,5,0) -> 10143 | M12: =VLOOKUP($B$5:$B$16,'FOOD WASTAGE-STAFF MESS'!$B$4:$F$15,5,0) -> 647 | N12: =IFERROR(SUM(M12/L12*100),"0") -> 6.3787834 | P12: Oct-2023 | Q12: =VLOOKUP($P$6:$P$17,$B$4:$N$16,4,0) -> 3.329902 | R12: =VLOOKUP($P$6:$P$17,$B$4:$N$16,7,0) -> 6.0693322 | S12: =VLOOKUP($P$6:$P$17,$B$4:$N$16,10,0) -> 0 | T12: =VLOOKUP($P$6:$P$17,$B$4:$N$16,13,0) -> 4.9881762 | U12: =SUM(Q12:T12)/4 -> 3.5968526
A13: 9 | B13: Dec-2023 | C13: =VLOOKUP($B$5:$B$16,'PLATE COUNT-STAFF MESS'!$B$4:$F$15,2,0) -> 20462 | D13: =VLOOKUP($B$5:$B$16,'FOOD WASTAGE-STAFF MESS'!$B$4:$F$15,2,0) -> 762 | E13: =IFERROR(SUM(D13/C13*100),"0") -> 3.7239762 | F13: =VLOOKUP($B$5:$B$16,'PLATE COUNT-STAFF MESS'!$B$4:$F$15,3,0) -> 21808 | G13: =VLOOKUP($B$5:$B$16,'FOOD WASTAGE-STAFF MESS'!$B$4:$F$15,3,0) -> 1474 | H13: =IFERROR(SUM(G13/F13*100),"0") -> 6.7589875 | I13: =VLOOKUP($B$5:$B$16,'PLATE COUNT-STAFF MESS'!$B$4:$F$15,4,0) -> 8604 | J13: =VLOOKUP($B$5:$B$16,'FOOD WASTAGE-STAFF MESS'!$B$4:$F$15,4,0) -> 0 | K13: =IFERROR(SUM(I13/J13),"0") -> 0 | L13: =VLOOKUP($B$5:$B$16,'PLATE COUNT-STAFF MESS'!$B$4:$F$15,5,0) -> 8604 | M13: =VLOOKUP($B$5:$B$16,'FOOD WASTAGE-STAFF MESS'!$B$4:$F$15,5,0) -> 566 | N13: =IFERROR(SUM(M13/L13*100),"0") -> 6.5783357 | P13: Nov-2023 | Q13: =VLOOKUP($P$6:$P$17,$B$4:$N$16,4,0) -> 3.5220312 | R13: =VLOOKUP($P$6:$P$17,$B$4:$N$16,7,0) -> 7.0657462 | S13: =VLOOKUP($P$6:$P$17,$B$4:$N$16,10,0) -> 0 | T13: =VLOOKUP($P$6:$P$17,$B$4:$N$16,13,0) -> 6.3787834 | U13: =SUM(Q13:T13)/4 -> 4.2416402
A14: 10 | B14: Jan-2024 | C14: =VLOOKUP($B$5:$B$16,'PLATE COUNT-STAFF MESS'!$B$4:$F$15,2,0) -> 21647 | D14: =VLOOKUP($B$5:$B$16,'FOOD WASTAGE-STAFF MESS'!$B$4:$F$15,2,0) -> 679 | E14: =IFERROR(SUM(D14/C14*100),"0") -> 3.1366933 | F14: =VLOOKUP($B$5:$B$16,'PLATE COUNT-STAFF MESS'!$B$4:$F$15,3,0) -> 21145 | G14: =VLOOKUP($B$5:$B$16,'FOOD WASTAGE-STAFF MESS'!$B$4:$F$15,3,0) -> 1287 | H14: =IFERROR(SUM(G14/F14*100),"0") -> 6.0865453 | I14: =VLOOKUP($B$5:$B$16,'PLATE COUNT-STAFF MESS'!$B$4:$F$15,4,0) -> 8859 | J14: =VLOOKUP($B$5:$B$16,'FOOD WASTAGE-STAFF MESS'!$B$4:$F$15,4,0) -> 0 | K14: =IFERROR(SUM(I14/J14),"0") -> 0 | L14: =VLOOKUP($B$5:$B$16,'PLATE COUNT-STAFF MESS'!$B$4:$F$15,5,0) -> 8689 | M14: =VLOOKUP($B$5:$B$16,'FOOD WASTAGE-STAFF MESS'!$B$4:$F$15,5,0) -> 575 | N14: =IFERROR(SUM(M14/L14*100),"0") -> 6.6175624 | P14: Dec-2023 | Q14: =VLOOKUP($P$6:$P$17,$B$4:$N$16,4,0) -> 3.7239762 | R14: =VLOOKUP($P$6:$P$17,$B$4:$N$16,7,0) -> 6.7589875 | S14: =VLOOKUP($P$6:$P$17,$B$4:$N$16,10,0) -> 0 | T14: =VLOOKUP($P$6:$P$17,$B$4:$N$16,13,0) -> 6.5783357 | U14: =SUM(Q14:T14)/4 -> 4.2653248
A15: 11 | B15: Feb-2024 | C15: =VLOOKUP($B$5:$B$16,'PLATE COUNT-STAFF MESS'!$B$4:$F$15,2,0) -> 20814 | D15: =VLOOKUP($B$5:$B$16,'FOOD WASTAGE-STAFF MESS'!$B$4:$F$15,2,0) -> 702 | E15: =IFERROR(SUM(D15/C15*100),"0") -> 3.3727299 | F15: =VLOOKUP($B$5:$B$16,'PLATE COUNT-STAFF MESS'!$B$4:$F$15,3,0) -> 21988 | G15: =VLOOKUP($B$5:$B$16,'FOOD WASTAGE-STAFF MESS'!$B$4:$F$15,3,0) -> 1233 | H15: =IFERROR(SUM(G15/F15*100),"0") -> 5.6076041 | I15: =VLOOKUP($B$5:$B$16,'PLATE COUNT-STAFF MESS'!$B$4:$F$15,4,0) -> 6774 | J15: =VLOOKUP($B$5:$B$16,'FOOD WASTAGE-STAFF MESS'!$B$4:$F$15,4,0) -> 0 | K15: =IFERROR(SUM(I15/J15),"0") -> 0 | L15: =VLOOKUP($B$5:$B$16,'PLATE COUNT-STAFF MESS'!$B$4:$F$15,5,0) -> 6777 | M15: =VLOOKUP($B$5:$B$16,'FOOD WASTAGE-STAFF MESS'!$B$4:$F$15,5,0) -> 470 | N15: =IFERROR(SUM(M15/L15*100),"0") -> 6.9352221 | P15: Jan-2024 | Q15: =VLOOKUP($P$6:$P$17,$B$4:$N$16,4,0) -> 3.1366933 | R15: =VLOOKUP($P$6:$P$17,$B$4:$N$16,7,0) -> 6.0865453 | S15: =VLOOKUP($P$6:$P$17,$B$4:$N$16,10,0) -> 0 | T15: =VLOOKUP($P$6:$P$17,$B$4:$N$16,13,0) -> 6.6175624 | U15: =SUM(Q15:T15)/4 -> 3.9602003
A16: 12 | B16: Mar-2024 | C16: =VLOOKUP($B$5:$B$16,'PLATE COUNT-STAFF MESS'!$B$4:$F$15,2,0) -> 21427 | D16: =VLOOKUP($B$5:$B$16,'FOOD WASTAGE-STAFF MESS'!$B$4:$F$15,2,0) -> 691 | E16: =IFERROR(SUM(D16/C16*100),"0") -> 3.2249032 | F16: =VLOOKUP($B$5:$B$16,'PLATE COUNT-STAFF MESS'!$B$4:$F$15,3,0) -> 22148 | G16: =VLOOKUP($B$5:$B$16,'FOOD WASTAGE-STAFF MESS'!$B$4:$F$15,3,0) -> 1225 | H16: =IFERROR(SUM(G16/F16*100),"0") -> 5.5309735 | I16: =VLOOKUP($B$5:$B$16,'PLATE COUNT-STAFF MESS'!$B$4:$F$15,4,0) -> 7053 | J16: =VLOOKUP($B$5:$B$16,'FOOD WASTAGE-STAFF MESS'!$B$4:$F$15,4,0) -> 0 | K16: =IFERROR(SUM(I16/J16),"0") -> 0 | L16: =VLOOKUP($B$5:$B$16,'PLATE COUNT-STAFF MESS'!$B$4:$F$15,5,0) -> 7053 | M16: =VLOOKUP($B$5:$B$16,'FOOD WASTAGE-STAFF MESS'!$B$4:$F$15,5,0) -> 473 | N16: =IFERROR(SUM(M16/L16*100),"0") -> 6.7063661 | P16: Feb-2024 | Q16: =VLOOKUP($P$6:$P$17,$B$4:$N$16,4,0) -> 3.3727299 | R16: =VLOOKUP($P$6:$P$17,$B$4:$N$16,7,0) -> 5.6076041 | S16: =VLOOKUP($P$6:$P$17,$B$4:$N$16,10,0) -> 0 | T16: =VLOOKUP($P$6:$P$17,$B$4:$N$16,13,0) -> 6.9352221 | U16: =SUM(Q16:T16)/4 -> 3.978889
B17: Grand Total | C17: =SUBTOTAL(9,C4:C16) -> 243397 | D17: =SUBTOTAL(9,D4:D16) -> 9382 | E17: =SUBTOTAL(9,E4:E16) -> 47.658418 | F17: =SUBTOTAL(9,F4:F16) -> 276059 | G17: =SUBTOTAL(9,G4:G16) -> 17927 | H17: =SUBTOTAL(9,H4:H16) -> 78.548549 | I17: =SUBTOTAL(9,I4:I16) -> 140345 | J17: =SUBTOTAL(9,J4:J16) -> 0 | ... N17: =SUBTOTAL(9,N4:N16) -> 69.698769 | P17: Mar-2024 | Q17: =VLOOKUP($P$6:$P$17,$B$4:$N$16,4,0) -> 3.2249032 | R17: =VLOOKUP($P$6:$P$17,$B$4:$N$16,7,0) -> 5.5309735 | S17: =VLOOKUP($P$6:$P$17,$B$4:$N$16,10,0) -> 0 | T17: =VLOOKUP($P$6:$P$17,$B$4:$N$16,13,0) -> 6.7063661 | U17: =SUM(Q17:T17)/4 -> 3.8655607
R19: YEAR WISE FOOE WASTAGE -STAFF MESS (APRIL TO MARCH-2023 TO 2024) | U19: =SUM(U6:U17)/(12) -> 4.0813695

Sheet ALL MESS REPORT
A1: SRM IST HOSTEL MESS
A2: ALL MESS PLATE COUNT& FOOD WASTAGE -APRIL TO MARCH-2023-2024
A3: MESS WISE REPORT | C3: SANNASI MESS | P3: D-MESS | AC3: SENBAGAM MESS | AP3: J-MESS | BC3: MEENAKSHI MESS | BP3: STAFF MESS
A4: DESCRIPTION | C4: Plate Count | D4: Food Wastage | E4: Percantage of Food Wastage % | F4: Plate Count | G4: Food Wastage | H4: Percantage of Food Wastage % | I4: Plate Count | J4: Food Wastage | K4: Percantage of Food Wastage % | L4: Plate Count | M4: Food Wastage | N4: Percantage of Food Wastage % | O4: SANNASI MESS -Percantage of Food Wastage % | P4: Plate Count | Q4: Food Wastage | R4: Percantage of Food Wastage % | S4: Plate Count | T4: Food Wastage | U4: Percantage of Food Wastage % | V4: Plate Count | W4: Food Wastage | X4: Percantage of Food Wastage % | Y4: Plate Count | Z4: Food Wastage | AA4: Percantage of Food Wastage % | AB4: D- MESS -Percantage of Food Wastage % | AC4: Plate Count | AD4: Food Wastage | AE4: Percantage of Food Wastage % | AF4: Plate Count | AG4: Food Wastage | AH4: Percantage of Food Wastage % | AI4: Plate Count | AJ4: Food Wastage | AK4: Percantage of Food Wastage % | AL4: Plate Count | AM4: Food Wastage | AN4: Percantage of Food Wastage % | AO4: SENBAGAM- MESS -Percantage of Food Wastage % | AP4: Plate Count | AQ4: Food Wastage | AR4: Percantage of Food Wastage % | AS4: Plate Count | AT4: Food Wastage | AU4: Percantage of Food Wastage % | AV4: Plate Count | AW4: Food Wastage | AX4: Percantage of Food Wastage % | AY4: Plate Count | AZ4: Food Wastage | BA4: Percantage of Food Wastage % | BB4: J- MESS -Percantage of Food Wastage % | BC4: Plate Count | BD4: Food Wastage | BE4: Percantage of Food Wastage % | BF4: Plate Count | BG4: Food Wastage | BH4: Percantage of Food Wastage % | BI4: Plate Count | BJ4: Food Wastage | BK4: Percantage of Food Wastage % | BL4: Plate Count | BM4: Food Wastage | BN4: Percantage of Food Wastage % | BO4: MEENAKSHI- MESS -Percantage of Food Wastage % | BP4: Plate Count | BQ4: Food Wastage | BR4: Percantage of Food Wastage % | BS4: Plate Count | BT4: Food Wastage | BU4: Percantage of Food Wastage % | BV4: Plate Count | BW4: Food Wastage | BX4: Percantage of Food Wastage % | BY4: Plate Count | BZ4: Food Wastage | CA4: Percantage of Food Wastage % | CB4: STAFF- MESS -Percantage of Food Wastage %
A5: S.NO | B5: MONTH WISE | C5: Break Fast | D5: Break Fast | E5: Break Fast | F5: Lunch | G5: Lunch | H5: Lunch | I5: Snacks with Tea | J5: Snacks with Tea | K5: Snacks with Tea | L5: Dinner | M5: Dinner | N5: Dinner | P5: Break Fast | Q5: Break Fast | R5: Break Fast | S5: Lunch | T5: Lunch | U5: Lunch | V5: Snacks with Tea | W5: Snacks with Tea | X5: Snacks with Tea | Y5: Dinner | Z5: Dinner | AA5: Dinner | AC5: Break Fast | AD5: Break Fast | AE5: Break Fast | AF5: Lunch | AG5: Lunch | AH5: Lunch | AI5: Snacks with Tea | AJ5: Snacks with Tea | AK5: Snacks with Tea | AL5: Dinner | AM5: Dinner | AN5: Dinner | AP5: Break Fast | AQ5: Break Fast | AR5: Break Fast | AS5: Lunch | AT5: Lunch | AU5: Lunch | AV5: Snacks with Tea | AW5: Snacks with Tea | AX5: Snacks with Tea | AY5: Dinner | AZ5: Dinner | BA5: Dinner | BC5: Break Fast | BD5: Break Fast | BE5: Break Fast | BF5: Lunch | BG5: Lunch | BH5: Lunch | BI5: Snacks with Tea | BJ5: Snacks with Tea | BK5: Snacks with Tea | BL5: Dinner | BM5: Dinner | BN5: Dinner | BP5: Break Fast | BQ5: Break Fast | BR5: Break Fast | BS5: Lunch | BT5: Lunch | BU5: Lunch | BV5: Snacks with Tea | BW5: Snacks with Tea | BX5: Snacks with Tea | BY5: Dinner | BZ5: Dinner | CA5: Dinner
A6: 1 | B6: Apr-2023 | C6: =VLOOKUP($B$6:$B$17,'REPORT - SANNASI MESS'!$B$5:$N$16,2,0) -> 48200 | D6: =VLOOKUP($B$6:$B$17,'REPORT - SANNASI MESS'!$B$5:$N$16,3,0) -> 1427 | E6: =VLOOKUP($B$6:$B$17,'REPORT - SANNASI MESS'!$B$5:$N$16,4,0) -> 2.9605809 | F6: =VLOOKUP($B$6:$B$17,'REPORT - SANNASI MESS'!$B$5:$N$16,5,0) -> 121200 | G6: =VLOOKUP($B$6:$B$17,'REPORT - SANNASI MESS'!$B$5:$N$16,6,0) -> 10643 | H6: =VLOOKUP($B$6:$B$17,'REPORT - SANNASI MESS'!$B$5:$N$16,7,0) -> 8.7813531 | I6: =VLOOKUP($B$6:$B$17,'REPORT - SANNASI MESS'!$B$5:$N$16,8,0) -> 130150 | J6: =VLOOKUP($B$6:$B$17,'REPORT - SANNASI MESS'!$B$5:$N$16,9,0) -> 0 | K6: =VLOOKUP($B$6:$B$17,'REPORT - SANNASI MESS'!$B$5:$N$16,10,0) -> 0 | L6: =VLOOKUP($B$6:$B$17,'REPORT - SANNASI MESS'!$B$5:$N$16,11,0) -> 130150 | M6: =VLOOKUP($B$6:$B$17,'REPORT - SANNASI MESS'!$B$5:$N$16,12,0) -> 10890 | N6: =VLOOKUP($B$6:$B$17,'REPORT - SANNASI MESS'!$B$5:$N$16,13,0) -> 8.3672685 | O6: =SUM(E6+H6+K6+N6)/4 -> 5.0273006 | P6: =VLOOKUP($B$6:$B$17,'REPORT -D-MESS'!$B$5:$N$16,2,0) -> 24455 | Q6: =VLOOKUP($B$6:$B$17,'REPORT -D-MESS'!$B$5:$N$16,3,0) -> 1006 | R6: =VLOOKUP($B$6:$B$17,'REPORT -D-MESS'!$B$5:$N$16,4,0) -> 4.1136782 | S6: =VLOOKUP($B$6:$B$17,'REPORT -D-MESS'!$B$5:$N$16,5,0) -> 31425 | T6: =VLOOKUP($B$6:$B$17,'REPORT -D-MESS'!$B$5:$N$16,6,0) -> 3161 | U6: =VLOOKUP($B$6:$B$17,'REPORT -D-MESS'!$B$5:$N$16,7,0) -> 10.05887 | V6: =VLOOKUP($B$6:$B$17,'REPORT -D-MESS'!$B$5:$N$16,8,0) -> 31350 | W6: =VLOOKUP($B$6:$B$17,'REPORT -D-MESS'!$B$5:$N$16,9,0) -> 0 | X6: =VLOOKUP($B$6:$B$17,'REPORT -D-MESS'!$B$5:$N$16,10,0) -> 0 | Y6: =VLOOKUP($B$6:$B$17,'REPORT -D-MESS'!$B$5:$N$16,11,0) -> 31360 | Z6: =VLOOKUP($B$6:$B$17,'REPORT -D-MESS'!$B$5:$N$16,12,0) -> 3175 | AA6: =VLOOKUP($B$6:$B$17,'REPORT -D-MESS'!$B$5:$N$16,13,0) -> 10.124362 | AB6: =SUM(R6+U6+X6+AA6)/4 -> 6.0742277 | AC6: =VLOOKUP($B$6:$B$17,'REPORT -SENBAGAM MESS'!$B$5:$N$16,2,0) -> 18560 | AD6: =VLOOKUP($B$6:$B$17,'REPORT -SENBAGAM MESS'!$B$5:$N$16,3,0) -> 1131 | AE6: =VLOOKUP($B$6:$B$17,'REPORT -SENBAGAM MESS'!$B$5:$N$16,4,0) -> 6.09375 | AF6: =VLOOKUP($B$6:$B$17,'REPORT -SENBAGAM MESS'!$B$5:$N$16,5,0) -> 23780 | AG6: =VLOOKUP($B$6:$B$17,'REPORT -SENBAGAM MESS'!$B$5:$N$16,6,0) -> 2109 | AH6: =VLOOKUP($B$6:$B$17,'REPORT -SENBAGAM MESS'!$B$5:$N$16,7,0) -> 8.8687973 | AI6: =VLOOKUP($B$6:$B$17,'REPORT -SENBAGAM MESS'!$B$5:$N$16,8,0) -> 25070 | AJ6: =VLOOKUP($B$6:$B$17,'REPORT -SENBAGAM MESS'!$B$5:$N$16,9,0) -> 0 | AK6: =VLOOKUP($B$6:$B$17,'REPORT -SENBAGAM MESS'!$B$5:$N$16,10,0) -> 0 | AL6: =VLOOKUP($B$6:$B$17,'REPORT -SENBAGAM MESS'!$B$5:$N$16,11,0) -> 24990 | AM6: =VLOOKUP($B$6:$B$17,'REPORT -SENBAGAM MESS'!$B$5:$N$16,12,0) -> 1918 | AN6: =VLOOKUP($B$6:$B$17,'REPORT -SENBAGAM MESS'!$B$5:$N$16,13,0) -> 7.67507 | AO6: =SUM(AE6+AH6+AK6+AN6/4) -> 16.881315 | AP6: =VLOOKUP($B$6:$B$17,'REPORT -J MESS'!$B$6:$N$17,2,0) -> 24014 | AQ6: =VLOOKUP($B$6:$B$17,'REPORT -J MESS'!$B$6:$N$17,3,0) -> 892 | AR6: =VLOOKUP($B$6:$B$17,'REPORT -J MESS'!$B$6:$N$17,4,0) -> 3.7144999 | AS6: =VLOOKUP($B$6:$B$17,'REPORT -J MESS'!$B$6:$N$17,5,0) -> 30024 | AT6: =VLOOKUP($B$6:$B$17,'REPORT -J MESS'!$B$6:$N$17,6,0) -> 2577 | AU6: =VLOOKUP($B$6:$B$17,'REPORT -J MESS'!$B$6:$N$17,7,0) -> 8.5831335 | AV6: =VLOOKUP($B$6:$B$17,'REPORT -J MESS'!$B$6:$N$17,8,0) -> 30414 | AW6: =VLOOKUP($B$6:$B$17,'REPORT -J MESS'!$B$6:$N$17,9,0) -> 0 | AX6: =VLOOKUP($B$6:$B$17,'REPORT -J MESS'!$B$6:$N$17,10,0) -> 0 | AY6: =VLOOKUP($B$6:$B$17,'REPORT -J MESS'!$B$6:$N$17,11,0) -> 30515 | AZ6: =VLOOKUP($B$6:$B$17,'REPORT -J MESS'!$B$6:$N$17,12,0) -> 2661 | BA6: =VLOOKUP($B$6:$B$17,'REPORT -J MESS'!$B$6:$N$17,13,0) -> 8.7203015 | BB6: =SUM(AR6+AU6+AX6+BA6/4) -> 14.477709 | BC6: =VLOOKUP($B$6:$B$17,'REPORT -MEENAKSHI MESS'!$B$5:$N$16,2,0) -> 5650 | BD6: =VLOOKUP($B$6:$B$17,'REPORT -MEENAKSHI MESS'!$B$5:$N$16,3,0) -> 114 | BE6: =VLOOKUP($B$6:$B$17,'REPORT -MEENAKSHI MESS'!$B$5:$N$16,4,0) -> 2.0176991 | BF6: =VLOOKUP($B$6:$B$17,'REPORT -MEENAKSHI MESS'!$B$5:$N$16,5,0) -> 6976 | BG6: =VLOOKUP($B$6:$B$17,'REPORT -MEENAKSHI MESS'!$B$5:$N$16,6,0) -> 388 | BH6: =VLOOKUP($B$6:$B$17,'REPORT -MEENAKSHI MESS'!$B$5:$N$16,7,0) -> 5.5619266 | BI6: =VLOOKUP($B$6:$B$17,'REPORT -MEENAKSHI MESS'!$B$5:$N$16,8,0) -> 7226 | BJ6: =VLOOKUP($B$6:$B$17,'REPORT -MEENAKSHI MESS'!$B$5:$N$16,9,0) -> 0 | BK6: =VLOOKUP($B$6:$B$17,'REPORT -MEENAKSHI MESS'!$B$5:$N$16,10,0) -> 0 | BL6: =VLOOKUP($B$6:$B$17,'REPORT -MEENAKSHI MESS'!$B$5:$N$16,11,0) -> 7186 | BM6: =VLOOKUP($B$6:$B$17,'REPORT -MEENAKSHI MESS'!$B$5:$N$16,12,0) -> 393 | BN6: =VLOOKUP($B$6:$B$17,'REPORT -MEENAKSHI MESS'!$B$5:$N$16,13,0) -> 5.4689674 | BO6: =SUM(BE6+BH6+BK6+BN6)/4 -> 3.2621483 | BP6: =VLOOKUP($B$6:$B$17,'REPORT -STAFF MESS'!$B$5:$N$16,2,0) -> 12528 | BQ6: =VLOOKUP($B$6:$B$17,'REPORT -STAFF MESS'!$B$5:$N$16,3,0) -> 716 | BR6: =VLOOKUP($B$6:$B$17,'REPORT -STAFF MESS'!$B$5:$N$16,4,0) -> 5.715198 | BS6: =VLOOKUP($B$6:$B$17,'REPORT -STAFF MESS'!$B$5:$N$16,5,0) -> 17466 | BT6: =VLOOKUP($B$6:$B$17,'REPORT -STAFF MESS'!$B$5:$N$16,6,0) -> 1499 | BU6: =VLOOKUP($B$6:$B$17,'REPORT -STAFF MESS'!$B$5:$N$16,7,0) -> 8.5823886 | BV6: =VLOOKUP($B$6:$B$17,'REPORT -STAFF MESS'!$B$5:$N$16,8,0) -> 7781 | BW6: =VLOOKUP($B$6:$B$17,'REPORT -STAFF MESS'!$B$5:$N$16,9,0) -> 0 | BX6: =VLOOKUP($B$6:$B$17,'REPORT -STAFF MESS'!$B$5:$N$16,10,0) -> 0 | BY6: =VLOOKUP($B$6:$B$17,'REPORT -STAFF MESS'!$B$5:$N$16,11,0) -> 7044 | BZ6: =VLOOKUP($B$6:$B$17,'REPORT -STAFF MESS'!$B$5:$N$16,12,0) -> 521 | CA6: =VLOOKUP($B$6:$B$17,'REPORT -STAFF MESS'!$B$5:$N$16,13,0) -> 7.3963657 | CB6: =SUM(BR6+BU6+BX6+CA6)/4 -> 5.4234881
A7: 2 | B7: May-2023 | C7: =VLOOKUP($B$6:$B$17,'REPORT - SANNASI MESS'!$B$5:$N$16,2,0) -> 50086 | D7: =VLOOKUP($B$6:$B$17,'REPORT - SANNASI MESS'!$B$5:$N$16,3,0) -> 1280 | E7: =VLOOKUP($B$6:$B$17,'REPORT - SANNASI MESS'!$B$5:$N$16,4,0) -> 2.5556044 | F7: =VLOOKUP($B$6:$B$17,'REPORT - SANNASI MESS'!$B$5:$N$16,5,0) -> 107468 | G7: =VLOOKUP($B$6:$B$17,'REPORT - SANNASI MESS'!$B$5:$N$16,6,0) -> 10980 | H7: =VLOOKUP($B$6:$B$17,'REPORT - SANNASI MESS'!$B$5:$N$16,7,0) -> 10.216995 | I7: =VLOOKUP($B$6:$B$17,'REPORT - SANNASI MESS'!$B$5:$N$16,8,0) -> 115715 | J7: =VLOOKUP($B$6:$B$17,'REPORT - SANNASI MESS'!$B$5:$N$16,9,0) -> 0 | K7: =VLOOKUP($B$6:$B$17,'REPORT - SANNASI MESS'!$B$5:$N$16,10,0) -> 0 | L7: =VLOOKUP($B$6:$B$17,'REPORT - SANNASI MESS'!$B$5:$N$16,11,0) -> 115715 | M7: =VLOOKUP($B$6:$B$17,'REPORT - SANNASI MESS'!$B$5:$N$16,12,0) -> 11785 | N7: =VLOOKUP($B$6:$B$17,'REPORT - SANNASI MESS'!$B$5:$N$16,13,0) -> 10.184505 | O7: =SUM(E7+H7+K7+N7)/4 -> 5.7392761 | P7: =VLOOKUP($B$6:$B$17,'REPORT -D-MESS'!$B$5:$N$16,2,0) -> 24240 | Q7: =VLOOKUP($B$6:$B$17,'REPORT -D-MESS'!$B$5:$N$16,3,0) -> 1023 | R7: =VLOOKUP($B$6:$B$17,'REPORT -D-MESS'!$B$5:$N$16,4,0) -> 4.220297 | S7: =VLOOKUP($B$6:$B$17,'REPORT -D-MESS'!$B$5:$N$16,5,0) -> 29827 | T7: =VLOOKUP($B$6:$B$17,'REPORT -D-MESS'!$B$5:$N$16,6,0) -> 3024 | U7: =VLOOKUP($B$6:$B$17,'REPORT -D-MESS'!$B$5:$N$16,7,0) -> 10.138465 | V7: =VLOOKUP($B$6:$B$17,'REPORT -D-MESS'!$B$5:$N$16,8,0) -> 32415 | W7: =VLOOKUP($B$6:$B$17,'REPORT -D-MESS'!$B$5:$N$16,9,0) -> 0 | X7: =VLOOKUP($B$6:$B$17,'REPORT -D-MESS'!$B$5:$N$16,10,0) -> 0 | Y7: =VLOOKUP($B$6:$B$17,'REPORT -D-MESS'!$B$5:$N$16,11,0) -> 32415 | Z7: =VLOOKUP($B$6:$B$17,'REPORT -D-MESS'!$B$5:$N$16,12,0) -> 3754 | AA7: =VLOOKUP($B$6:$B$17,'REPORT -D-MESS'!$B$5:$N$16,13,0) -> 11.581058 | AB7: =SUM(R7+U7+X7+AA7)/4 -> 6.4849551 | AC7: =VLOOKUP($B$6:$B$17,'REPORT -SENBAGAM MESS'!$B$5:$N$16,2,0) -> 19820 | AD7: =VLOOKUP($B$6:$B$17,'REPORT -SENBAGAM MESS'!$B$5:$N$16,3,0) -> 1101 | AE7: =VLOOKUP($B$6:$B$17,'REPORT -SENBAGAM MESS'!$B$5:$N$16,4,0) -> 5.554995 | AF7: =VLOOKUP($B$6:$B$17,'REPORT -SENBAGAM MESS'!$B$5:$N$16,5,0) -> 22415 | AG7: =VLOOKUP($B$6:$B$17,'REPORT -SENBAGAM MESS'!$B$5:$N$16,6,0) -> 1559 | AH7: =VLOOKUP($B$6:$B$17,'REPORT -SENBAGAM MESS'!$B$5:$N$16,7,0) -> 6.955164 | AI7: =VLOOKUP($B$6:$B$17,'REPORT -SENBAGAM MESS'!$B$5:$N$16,8,0) -> 24565 | AJ7: =VLOOKUP($B$6:$B$17,'REPORT -SENBAGAM MESS'!$B$5:$N$16,9,0) -> 0 | AK7: =VLOOKUP($B$6:$B$17,'REPORT -SENBAGAM MESS'!$B$5:$N$16,10,0) -> 0 | AL7: =VLOOKUP($B$6:$B$17,'REPORT -SENBAGAM MESS'!$B$5:$N$16,11,0) -> 24155 | AM7: =VLOOKUP($B$6:$B$17,'REPORT -SENBAGAM MESS'!$B$5:$N$16,12,0) -> 2017 | AN7: =VLOOKUP($B$6:$B$17,'REPORT -SENBAGAM MESS'!$B$5:$N$16,13,0) -> 8.350238 | AO7: =SUM(AE7+AH7+AK7+AN7/4) -> 14.597718 | AP7: =VLOOKUP($B$6:$B$17,'REPORT -J MESS'!$B$6:$N$17,2,0) -> 24933 | AQ7: =VLOOKUP($B$6:$B$17,'REPORT -J MESS'!$B$6:$N$17,3,0) -> 968 | AR7: =VLOOKUP($B$6:$B$17,'REPORT -J MESS'!$B$6:$N$17,4,0) -> 3.8824048 | AS7: =VLOOKUP($B$6:$B$17,'REPORT -J MESS'!$B$6:$N$17,5,0) -> 29981 | AT7: =VLOOKUP($B$6:$B$17,'REPORT -J MESS'!$B$6:$N$17,6,0) -> 2616 | AU7: =VLOOKUP($B$6:$B$17,'REPORT -J MESS'!$B$6:$N$17,7,0) -> 8.7255262 | AV7: =VLOOKUP($B$6:$B$17,'REPORT -J MESS'!$B$6:$N$17,8,0) -> 32475 | AW7: =VLOOKUP($B$6:$B$17,'REPORT -J MESS'!$B$6:$N$17,9,0) -> 0 | AX7: =VLOOKUP($B$6:$B$17,'REPORT -J MESS'!$B$6:$N$17,10,0) -> 0 | AY7: =VLOOKUP($B$6:$B$17,'REPORT -J MESS'!$B$6:$N$17,11,0) -> 32457 | AZ7: =VLOOKUP($B$6:$B$17,'REPORT -J MESS'!$B$6:$N$17,12,0) -> 2750 | BA7: =VLOOKUP($B$6:$B$17,'REPORT -J MESS'!$B$6:$N$17,13,0) -> 8.4727486 | BB7: =SUM(AR7+AU7+AX7+BA7/4) -> 14.726118 | BC7: =VLOOKUP($B$6:$B$17,'REPORT -MEENAKSHI MESS'!$B$5:$N$16,2,0) -> 5100 | BD7: =VLOOKUP($B$6:$B$17,'REPORT -MEENAKSHI MESS'!$B$5:$N$16,3,0) -> 119 | BE7: =VLOOKUP($B$6:$B$17,'REPORT -MEENAKSHI MESS'!$B$5:$N$16,4,0) -> 2.3333333 | BF7: =VLOOKUP($B$6:$B$17,'REPORT -MEENAKSHI MESS'!$B$5:$N$16,5,0) -> 7038 | BG7: =VLOOKUP($B$6:$B$17,'REPORT -MEENAKSHI MESS'!$B$5:$N$16,6,0) -> 387 | BH7: =VLOOKUP($B$6:$B$17,'REPORT -MEENAKSHI MESS'!$B$5:$N$16,7,0) -> 5.4987212 | BI7: =VLOOKUP($B$6:$B$17,'REPORT -MEENAKSHI MESS'!$B$5:$N$16,8,0) -> 7324 | BJ7: =VLOOKUP($B$6:$B$17,'REPORT -MEENAKSHI MESS'!$B$5:$N$16,9,0) -> 0 | BK7: =VLOOKUP($B$6:$B$17,'REPORT -MEENAKSHI MESS'!$B$5:$N$16,10,0) -> 0 | BL7: =VLOOKUP($B$6:$B$17,'REPORT -MEENAKSHI MESS'!$B$5:$N$16,11,0) -> 7272 | BM7: =VLOOKUP($B$6:$B$17,'REPORT -MEENAKSHI MESS'!$B$5:$N$16,12,0) -> 400.5 | BN7: =VLOOKUP($B$6:$B$17,'REPORT -MEENAKSHI MESS'!$B$5:$N$16,13,0) -> 5.5074257 | BO7: =SUM(BE7+BH7+BK7+BN7)/4 -> 3.3348701 | BP7: =VLOOKUP($B$6:$B$17,'REPORT -STAFF MESS'!$B$5:$N$16,2,0) -> 13951 | BQ7: =VLOOKUP($B$6:$B$17,'REPORT -STAFF MESS'!$B$5:$N$16,3,0) -> 729 | BR7: =VLOOKUP($B$6:$B$17,'REPORT -STAFF MESS'!$B$5:$N$16,4,0) -> 5.2254319 | BS7: =VLOOKUP($B$6:$B$17,'REPORT -STAFF MESS'!$B$5:$N$16,5,0) -> 22240 | BT7: =VLOOKUP($B$6:$B$17,'REPORT -STAFF MESS'!$B$5:$N$16,6,0) -> 1567 | BU7: =VLOOKUP($B$6:$B$17,'REPORT -STAFF MESS'!$B$5:$N$16,7,0) -> 7.0458633 | BV7: =VLOOKUP($B$6:$B$17,'REPORT -STAFF MESS'!$B$5:$N$16,8,0) -> 9990 | BW7: =VLOOKUP($B$6:$B$17,'REPORT -STAFF MESS'!$B$5:$N$16,9,0) -> 0 | BX7: =VLOOKUP($B$6:$B$17,'REPORT -STAFF MESS'!$B$5:$N$16,10,0) -> 0 | BY7: =VLOOKUP($B$6:$B$17,'REPORT -STAFF MESS'!$B$5:$N$16,11,0) -> 9990 | BZ7: =VLOOKUP($B$6:$B$17,'REPORT -STAFF MESS'!$B$5:$N$16,12,0) -> 590 | CA7: =VLOOKUP($B$6:$B$17,'REPORT -STAFF MESS'!$B$5:$N$16,13,0) -> 5.9059059 | CB7: =SUM(BR7+BU7+BX7+CA7)/4 -> 4.5443003
A8: 3 | B8: Jun-2023 | C8: =VLOOKUP($B$6:$B$17,'REPORT - SANNASI MESS'!$B$5:$N$16,2,0) -> 23055 | D8: =VLOOKUP($B$6:$B$17,'REPORT - SANNASI MESS'!$B$5:$N$16,3,0) -> 542 | E8: =VLOOKUP($B$6:$B$17,'REPORT - SANNASI MESS'!$B$5:$N$16,4,0) -> 2.3509 | F8: =VLOOKUP($B$6:$B$17,'REPORT - SANNASI MESS'!$B$5:$N$16,5,0) -> 30900 | G8: =VLOOKUP($B$6:$B$17,'REPORT - SANNASI MESS'!$B$5:$N$16,6,0) -> 4729 | H8: =VLOOKUP($B$6:$B$17,'REPORT - SANNASI MESS'!$B$5:$N$16,7,0) -> 15.304207 | I8: =VLOOKUP($B$6:$B$17,'REPORT - SANNASI MESS'!$B$5:$N$16,8,0) -> 29387 | J8: =VLOOKUP($B$6:$B$17,'REPORT - SANNASI MESS'!$B$5:$N$16,9,0) -> 0 | K8: =VLOOKUP($B$6:$B$17,'REPORT - SANNASI MESS'!$B$5:$N$16,10,0) -> 0 | L8: =VLOOKUP($B$6:$B$17,'REPORT - SANNASI MESS'!$B$5:$N$16,11,0) -> 29387 | M8: =VLOOKUP($B$6:$B$17,'REPORT - SANNASI MESS'!$B$5:$N$16,12,0) -> 5537 | N8: =VLOOKUP($B$6:$B$17,'REPORT - SANNASI MESS'!$B$5:$N$16,13,0) -> 18.841665 | O8: =SUM(E8+H8+K8+N8)/4 -> 9.124193 | P8: =VLOOKUP($B$6:$B$17,'REPORT -D-MESS'!$B$5:$N$16,2,0) -> 1360 | Q8: =VLOOKUP($B$6:$B$17,'REPORT -D-MESS'!$B$5:$N$16,3,0) -> 15 | R8: =VLOOKUP($B$6:$B$17,'REPORT -D-MESS'!$B$5:$N$16,4,0) -> 1.1029412 | S8: =VLOOKUP($B$6:$B$17,'REPORT -D-MESS'!$B$5:$N$16,5,0) -> 1655 | T8: =VLOOKUP($B$6:$B$17,'REPORT -D-MESS'!$B$5:$N$16,6,0) -> 30 | U8: =VLOOKUP($B$6:$B$17,'REPORT -D-MESS'!$B$5:$N$16,7,0) -> 1.8126888 | V8: =VLOOKUP($B$6:$B$17,'REPORT -D-MESS'!$B$5:$N$16,8,0) -> 840 | W8: =VLOOKUP($B$6:$B$17,'REPORT -D-MESS'!$B$5:$N$16,9,0) -> 0 | X8: =VLOOKUP($B$6:$B$17,'REPORT -D-MESS'!$B$5:$N$16,10,0) -> 0 | Y8: =VLOOKUP($B$6:$B$17,'REPORT -D-MESS'!$B$5:$N$16,11,0) -> 840 | Z8: =VLOOKUP($B$6:$B$17,'REPORT -D-MESS'!$B$5:$N$16,12,0) -> 0 | AA8: =VLOOKUP($B$6:$B$17,'REPORT -D-MESS'!$B$5:$N$16,13,0) -> 0 | AB8: =SUM(R8+U8+X8+AA8)/4 -> 0.7289075 | AC8: =VLOOKUP($B$6:$B$17,'REPORT -SENBAGAM MESS'!$B$5:$N$16,2,0) -> 9630 | AD8: =VLOOKUP($B$6:$B$17,'REPORT -SENBAGAM MESS'!$B$5:$N$16,3,0) -> 552 | AE8: =VLOOKUP($B$6:$B$17,'REPORT -SENBAGAM MESS'!$B$5:$N$16,4,0) -> 5.7320872 | AF8: =VLOOKUP($B$6:$B$17,'REPORT -SENBAGAM MESS'!$B$5:$N$16,5,0) -> 10435 | AG8: =VLOOKUP($B$6:$B$17,'REPORT -SENBAGAM MESS'!$B$5:$N$16,6,0) -> 834 | AH8: =VLOOKUP($B$6:$B$17,'REPORT -SENBAGAM MESS'!$B$5:$N$16,7,0) -> 7.9923335 | AI8: =VLOOKUP($B$6:$B$17,'REPORT -SENBAGAM MESS'!$B$5:$N$16,8,0) -> 11113 | AJ8: =VLOOKUP($B$6:$B$17,'REPORT -SENBAGAM MESS'!$B$5:$N$16,9,0) -> 0 | AK8: =VLOOKUP($B$6:$B$17,'REPORT -SENBAGAM MESS'!$B$5:$N$16,10,0) -> 0 | AL8: =VLOOKUP($B$6:$B$17,'REPORT -SENBAGAM MESS'!$B$5:$N$16,11,0) -> 11048 | AM8: =VLOOKUP($B$6:$B$17,'REPORT -SENBAGAM MESS'!$B$5:$N$16,12,0) -> 903 | AN8: =VLOOKUP($B$6:$B$17,'REPORT -SENBAGAM MESS'!$B$5:$N$16,13,0) -> 8.1734251 | AO8: =SUM(AE8+AH8+AK8+AN8/4) -> 15.767777 | AP8: =VLOOKUP($B$6:$B$17,'REPORT -J MESS'!$B$6:$N$17,2,0) -> 689 | AQ8: =VLOOKUP($B$6:$B$17,'REPORT -J MESS'!$B$6:$N$17,3,0) -> 25 | AR8: =VLOOKUP($B$6:$B$17,'REPORT -J MESS'!$B$6:$N$17,4,0) -> 3.628447 | AS8: =VLOOKUP($B$6:$B$17,'REPORT -J MESS'!$B$6:$N$17,5,0) -> 767 | AT8: =VLOOKUP($B$6:$B$17,'REPORT -J MESS'!$B$6:$N$17,6,0) -> 71 | AU8: =VLOOKUP($B$6:$B$17,'REPORT -J MESS'!$B$6:$N$17,7,0) -> 9.2568449 | AV8: =VLOOKUP($B$6:$B$17,'REPORT -J MESS'!$B$6:$N$17,8,0) -> 0 | AW8: =VLOOKUP($B$6:$B$17,'REPORT -J MESS'!$B$6:$N$17,9,0) -> 0 | AX8: =VLOOKUP($B$6:$B$17,'REPORT -J MESS'!$B$6:$N$17,10,0) -> 0 | AY8: =VLOOKUP($B$6:$B$17,'REPORT -J MESS'!$B$6:$N$17,11,0) -> 0 | AZ8: =VLOOKUP($B$6:$B$17,'REPORT -J MESS'!$B$6:$N$17,12,0) -> 0 | BA8: =VLOOKUP($B$6:$B$17,'REPORT -J MESS'!$B$6:$N$17,13,0) -> 0 | BB8: =SUM(AR8+AU8+AX8+BA8/4) -> 12.885292 | BC8: =VLOOKUP($B$6:$B$17,'REPORT -MEENAKSHI MESS'!$B$5:$N$16,2,0) -> 3090 | BD8: =VLOOKUP($B$6:$B$17,'REPORT -MEENAKSHI MESS'!$B$5:$N$16,3,0) -> 126 | BE8: =VLOOKUP($B$6:$B$17,'REPORT -MEENAKSHI MESS'!$B$5:$N$16,4,0) -> 4.0776699 | BF8: =VLOOKUP($B$6:$B$17,'REPORT -MEENAKSHI MESS'!$B$5:$N$16,5,0) -> 3286 | BG8: =VLOOKUP($B$6:$B$17,'REPORT -MEENAKSHI MESS'!$B$5:$N$16,6,0) -> 317.5 | BH8: =VLOOKUP($B$6:$B$17,'REPORT -MEENAKSHI MESS'!$B$5:$N$16,7,0) -> 9.6622033 | BI8: =VLOOKUP($B$6:$B$17,'REPORT -MEENAKSHI MESS'!$B$5:$N$16,8,0) -> 3314 | BJ8: =VLOOKUP($B$6:$B$17,'REPORT -MEENAKSHI MESS'!$B$5:$N$16,9,0) -> 0 | BK8: =VLOOKUP($B$6:$B$17,'REPORT -MEENAKSHI MESS'!$B$5:$N$16,10,0) -> 0 | BL8: =VLOOKUP($B$6:$B$17,'REPORT -MEENAKSHI MESS'!$B$5:$N$16,11,0) -> 3311 | BM8: =VLOOKUP($B$6:$B$17,'REPORT -MEENAKSHI MESS'!$B$5:$N$16,12,0) -> 352 | BN8: =VLOOKUP($B$6:$B$17,'REPORT -MEENAKSHI MESS'!$B$5:$N$16,13,0) -> 10.631229 | BO8: =SUM(BE8+BH8+BK8+BN8)/4 -> 6.0927756 | BP8: =VLOOKUP($B$6:$B$17,'REPORT -STAFF MESS'!$B$5:$N$16,2,0) -> 18063 | BQ8: =VLOOKUP($B$6:$B$17,'REPORT -STAFF MESS'!$B$5:$N$16,3,0) -> 902 | BR8: =VLOOKUP($B$6:$B$17,'REPORT -STAFF MESS'!$B$5:$N$16,4,0) -> 4.9936334 | BS8: =VLOOKUP($B$6:$B$17,'REPORT -STAFF MESS'!$B$5:$N$16,5,0) -> 23297 | BT8: =VLOOKUP($B$6:$B$17,'REPORT -STAFF MESS'!$B$5:$N$16,6,0) -> 1630 | BU8: =VLOOKUP($B$6:$B$17,'REPORT -STAFF MESS'!$B$5:$N$16,7,0) -> 6.996609 | BV8: =VLOOKUP($B$6:$B$17,'REPORT -STAFF MESS'!$B$5:$N$16,8,0) -> 12504 | BW8: =VLOOKUP($B$6:$B$17,'REPORT -STAFF MESS'!$B$5:$N$16,9,0) -> 0 | BX8: =VLOOKUP($B$6:$B$17,'REPORT -STAFF MESS'!$B$5:$N$16,10,0) -> 0 | BY8: =VLOOKUP($B$6:$B$17,'REPORT -STAFF MESS'!$B$5:$N$16,11,0) -> 12539 | BZ8: =VLOOKUP($B$6:$B$17,'REPORT -STAFF MESS'!$B$5:$N$16,12,0) -> 714 | CA8: =VLOOKUP($B$6:$B$17,'REPORT -STAFF MESS'!$B$5:$N$16,13,0) -> 5.694234 | CB8: =SUM(BR8+BU8+BX8+CA8)/4 -> 4.4211191
A9: 4 | B9: Jul-2023 | C9: =VLOOKUP($B$6:$B$17,'REPORT - SANNASI MESS'!$B$5:$N$16,2,0) -> 12800 | D9: =VLOOKUP($B$6:$B$17,'REPORT - SANNASI MESS'!$B$5:$N$16,3,0) -> 1483 | E9: =VLOOKUP($B$6:$B$17,'REPORT - SANNASI MESS'!$B$5:$N$16,4,0) -> 11.585938 | F9: =VLOOKUP($B$6:$B$17,'REPORT - SANNASI MESS'!$B$5:$N$16,5,0) -> 13840 | G9: =VLOOKUP($B$6:$B$17,'REPORT - SANNASI MESS'!$B$5:$N$16,6,0) -> 2564 | H9: =VLOOKUP($B$6:$B$17,'REPORT - SANNASI MESS'!$B$5:$N$16,7,0) -> 18.526012 | I9: =VLOOKUP($B$6:$B$17,'REPORT - SANNASI MESS'!$B$5:$N$16,8,0) -> 13830 | J9: =VLOOKUP($B$6:$B$17,'REPORT - SANNASI MESS'!$B$5:$N$16,9,0) -> 0 | K9: =VLOOKUP($B$6:$B$17,'REPORT - SANNASI MESS'!$B$5:$N$16,10,0) -> 0 | L9: =VLOOKUP($B$6:$B$17,'REPORT - SANNASI MESS'!$B$5:$N$16,11,0) -> 13930 | M9: =VLOOKUP($B$6:$B$17,'REPORT - SANNASI MESS'!$B$5:$N$16,12,0) -> 2478 | N9: =VLOOKUP($B$6:$B$17,'REPORT - SANNASI MESS'!$B$5:$N$16,13,0) -> 17.788945 | O9: =SUM(E9+H9+K9+N9)/4 -> 11.975223 | P9: =VLOOKUP($B$6:$B$17,'REPORT -D-MESS'!$B$5:$N$16,2,0) -> 12465 | Q9: =VLOOKUP($B$6:$B$17,'REPORT -D-MESS'!$B$5:$N$16,3,0) -> 408 | R9: =VLOOKUP($B$6:$B$17,'REPORT -D-MESS'!$B$5:$N$16,4,0) -> 3.2731649 | S9: =VLOOKUP($B$6:$B$17,'REPORT -D-MESS'!$B$5:$N$16,5,0) -> 19740 | T9: =VLOOKUP($B$6:$B$17,'REPORT -D-MESS'!$B$5:$N$16,6,0) -> 1095 | U9: =VLOOKUP($B$6:$B$17,'REPORT -D-MESS'!$B$5:$N$16,7,0) -> 5.5471125 | V9: =VLOOKUP($B$6:$B$17,'REPORT -D-MESS'!$B$5:$N$16,8,0) -> 21090 | W9: =VLOOKUP($B$6:$B$17,'REPORT -D-MESS'!$B$5:$N$16,9,0) -> 0 | X9: =VLOOKUP($B$6:$B$17,'REPORT -D-MESS'!$B$5:$N$16,10,0) -> 0 | Y9: =VLOOKUP($B$6:$B$17,'REPORT -D-MESS'!$B$5:$N$16,11,0) -> 21090 | Z9: =VLOOKUP($B$6:$B$17,'REPORT -D-MESS'!$B$5:$N$16,12,0) -> 1117 | AA9: =VLOOKUP($B$6:$B$17,'REPORT -D-MESS'!$B$5:$N$16,13,0) -> 5.296349 | AB9: =SUM(R9+U9+X9+AA9)/4 -> 3.5291566 | AC9: =VLOOKUP($B$6:$B$17,'REPORT -SENBAGAM MESS'!$B$5:$N$16,2,0) -> 18070 | AD9: =VLOOKUP($B$6:$B$17,'REPORT -SENBAGAM MESS'!$B$5:$N$16,3,0) -> 692 | AE9: =VLOOKUP($B$6:$B$17,'REPORT -SENBAGAM MESS'!$B$5:$N$16,4,0) -> 3.8295517 | AF9: =VLOOKUP($B$6:$B$17,'REPORT -SENBAGAM MESS'!$B$5:$N$16,5,0) -> 20685 | AG9: =VLOOKUP($B$6:$B$17,'REPORT -SENBAGAM MESS'!$B$5:$N$16,6,0) -> 983 | AH9: =VLOOKUP($B$6:$B$17,'REPORT -SENBAGAM MESS'!$B$5:$N$16,7,0) -> 4.7522359 | AI9: =VLOOKUP($B$6:$B$17,'REPORT -SENBAGAM MESS'!$B$5:$N$16,8,0) -> 22218 | AJ9: =VLOOKUP($B$6:$B$17,'REPORT -SENBAGAM MESS'!$B$5:$N$16,9,0) -> 0 | AK9: =VLOOKUP($B$6:$B$17,'REPORT -SENBAGAM MESS'!$B$5:$N$16,10,0) -> 0 | AL9: =VLOOKUP($B$6:$B$17,'REPORT -SENBAGAM MESS'!$B$5:$N$16,11,0) -> 22218 | AM9: =VLOOKUP($B$6:$B$17,'REPORT -SENBAGAM MESS'!$B$5:$N$16,12,0) -> 1171 | AN9: =VLOOKUP($B$6:$B$17,'REPORT -SENBAGAM MESS'!$B$5:$N$16,13,0) -> 5.2705014 | AO9: =SUM(AE9+AH9+AK9+AN9/4) -> 9.899413 | AP9: =VLOOKUP($B$6:$B$17,'REPORT -J MESS'!$B$6:$N$17,2,0) -> 13142 | AQ9: =VLOOKUP($B$6:$B$17,'REPORT -J MESS'!$B$6:$N$17,3,0) -> 346 | AR9: =VLOOKUP($B$6:$B$17,'REPORT -J MESS'!$B$6:$N$17,4,0) -> 2.6327804 | AS9: =VLOOKUP($B$6:$B$17,'REPORT -J MESS'!$B$6:$N$17,5,0) -> 23067 | AT9: =VLOOKUP($B$6:$B$17,'REPORT -J MESS'!$B$6:$N$17,6,0) -> 1914 | AU9: =VLOOKUP($B$6:$B$17,'REPORT -J MESS'!$B$6:$N$17,7,0) -> 8.297568 | AV9: =VLOOKUP($B$6:$B$17,'REPORT -J MESS'!$B$6:$N$17,8,0) -> 24442 | AW9: =VLOOKUP($B$6:$B$17,'REPORT -J MESS'!$B$6:$N$17,9,0) -> 0 | AX9: =VLOOKUP($B$6:$B$17,'REPORT -J MESS'!$B$6:$N$17,10,0) -> 0 | AY9: =VLOOKUP($B$6:$B$17,'REPORT -J MESS'!$B$6:$N$17,11,0) -> 24442 | AZ9: =VLOOKUP($B$6:$B$17,'REPORT -J MESS'!$B$6:$N$17,12,0) -> 1990 | BA9: =VLOOKUP($B$6:$B$17,'REPORT -J MESS'!$B$6:$N$17,13,0) -> 8.1417233 | BB9: =SUM(AR9+AU9+AX9+BA9/4) -> 12.965779 | BC9: =VLOOKUP($B$6:$B$17,'REPORT -MEENAKSHI MESS'!$B$5:$N$16,2,0) -> 1175 | BD9: =VLOOKUP($B$6:$B$17,'REPORT -MEENAKSHI MESS'!$B$5:$N$16,3,0) -> 83 | BE9: =VLOOKUP($B$6:$B$17,'REPORT -MEENAKSHI MESS'!$B$5:$N$16,4,0) -> 7.0638298 | BF9: =VLOOKUP($B$6:$B$17,'REPORT -MEENAKSHI MESS'!$B$5:$N$16,5,0) -> 1258 | BG9: =VLOOKUP($B$6:$B$17,'REPORT -MEENAKSHI MESS'!$B$5:$N$16,6,0) -> 177.5 | BH9: =VLOOKUP($B$6:$B$17,'REPORT -MEENAKSHI MESS'!$B$5:$N$16,7,0) -> 14.109698 | BI9: =VLOOKUP($B$6:$B$17,'REPORT -MEENAKSHI MESS'!$B$5:$N$16,8,0) -> 1326 | BJ9: =VLOOKUP($B$6:$B$17,'REPORT -MEENAKSHI MESS'!$B$5:$N$16,9,0) -> 0 | BK9: =VLOOKUP($B$6:$B$17,'REPORT -MEENAKSHI MESS'!$B$5:$N$16,10,0) -> 0 | BL9: =VLOOKUP($B$6:$B$17,'REPORT -MEENAKSHI MESS'!$B$5:$N$16,11,0) -> 1161 | BM9: =VLOOKUP($B$6:$B$17,'REPORT -MEENAKSHI MESS'!$B$5:$N$16,12,0) -> 145 | BN9: =VLOOKUP($B$6:$B$17,'REPORT -MEENAKSHI MESS'!$B$5:$N$16,13,0) -> 12.489233 | BO9: =SUM(BE9+BH9+BK9+BN9)/4 -> 8.4156903 | BP9: =VLOOKUP($B$6:$B$17,'REPORT -STAFF MESS'!$B$5:$N$16,2,0) -> 24139 | BQ9: =VLOOKUP($B$6:$B$17,'REPORT -STAFF MESS'!$B$5:$N$16,3,0) -> 1064 | BR9: =VLOOKUP($B$6:$B$17,'REPORT -STAFF MESS'!$B$5:$N$16,4,0) -> 4.4078048 | BS9: =VLOOKUP($B$6:$B$17,'REPORT -STAFF MESS'!$B$5:$N$16,5,0) -> 27619 | BT9: =VLOOKUP($B$6:$B$17,'REPORT -STAFF MESS'!$B$5:$N$16,6,0) -> 1694 | BU9: =VLOOKUP($B$6:$B$17,'REPORT -STAFF MESS'!$B$5:$N$16,7,0) -> 6.1334589 | BV9: =VLOOKUP($B$6:$B$17,'REPORT -STAFF MESS'!$B$5:$N$16,8,0) -> 18746 | BW9: =VLOOKUP($B$6:$B$17,'REPORT -STAFF MESS'!$B$5:$N$16,9,0) -> 0 | BX9: =VLOOKUP($B$6:$B$17,'REPORT -STAFF MESS'!$B$5:$N$16,10,0) -> 0 | BY9: =VLOOKUP($B$6:$B$17,'REPORT -STAFF MESS'!$B$5:$N$16,11,0) -> 18746 | BZ9: =VLOOKUP($B$6:$B$17,'REPORT -STAFF MESS'!$B$5:$N$16,12,0) -> 812 | CA9: =VLOOKUP($B$6:$B$17,'REPORT -STAFF MESS'!$B$5:$N$16,13,0) -> 4.3315907 | CB9: =SUM(BR9+BU9+BX9+CA9)/4 -> 3.7182136
A10: 5 | B10: Aug-2023 | C10: =VLOOKUP($B$6:$B$17,'REPORT - SANNASI MESS'!$B$5:$N$16,2,0) -> 78261 | D10: =VLOOKUP($B$6:$B$17,'REPORT - SANNASI MESS'!$B$5:$N$16,3,0) -> 1147 | E10: =VLOOKUP($B$6:$B$17,'REPORT - SANNASI MESS'!$B$5:$N$16,4,0) -> 1.4656087 | F10: =VLOOKUP($B$6:$B$17,'REPORT - SANNASI MESS'!$B$5:$N$16,5,0) -> 148950 | G10: =VLOOKUP($B$6:$B$17,'REPORT - SANNASI MESS'!$B$5:$N$16,6,0) -> 4944 | H10: =VLOOKUP($B$6:$B$17,'REPORT - SANNASI MESS'!$B$5:$N$16,7,0) -> 3.3192346 | I10: =VLOOKUP($B$6:$B$17,'REPORT - SANNASI MESS'!$B$5:$N$16,8,0) -> 155693 | J10: =VLOOKUP($B$6:$B$17,'REPORT - SANNASI MESS'!$B$5:$N$16,9,0) -> 0 | K10: =VLOOKUP($B$6:$B$17,'REPORT - SANNASI MESS'!$B$5:$N$16,10,0) -> 0 | L10: =VLOOKUP($B$6:$B$17,'REPORT - SANNASI MESS'!$B$5:$N$16,11,0) -> 161800 | M10: =VLOOKUP($B$6:$B$17,'REPORT - SANNASI MESS'!$B$5:$N$16,12,0) -> 5520 | N10: =VLOOKUP($B$6:$B$17,'REPORT - SANNASI MESS'!$B$5:$N$16,13,0) -> 3.4116193 | O10: =SUM(E10+H10+K10+N10)/4 -> 2.0491156 | P10: =VLOOKUP($B$6:$B$17,'REPORT -D-MESS'!$B$5:$N$16,2,0) -> 24580 | Q10: =VLOOKUP($B$6:$B$17,'REPORT -D-MESS'!$B$5:$N$16,3,0) -> 1181 | R10: =VLOOKUP($B$6:$B$17,'REPORT -D-MESS'!$B$5:$N$16,4,0) -> 4.8047193 | S10: =VLOOKUP($B$6:$B$17,'REPORT -D-MESS'!$B$5:$N$16,5,0) -> 40135 | T10: =VLOOKUP($B$6:$B$17,'REPORT -D-MESS'!$B$5:$N$16,6,0) -> 2453 | U10: =VLOOKUP($B$6:$B$17,'REPORT -D-MESS'!$B$5:$N$16,7,0) -> 6.1118724 | V10: =VLOOKUP($B$6:$B$17,'REPORT -D-MESS'!$B$5:$N$16,8,0) -> 43220 | W10: =VLOOKUP($B$6:$B$17,'REPORT -D-MESS'!$B$5:$N$16,9,0) -> 0 | X10: =VLOOKUP($B$6:$B$17,'REPORT -D-MESS'!$B$5:$N$16,10,0) -> 0 | Y10: =VLOOKUP($B$6:$B$17,'REPORT -D-MESS'!$B$5:$N$16,11,0) -> 43100 | Z10: =VLOOKUP($B$6:$B$17,'REPORT -D-MESS'!$B$5:$N$16,12,0) -> 2479 | AA10: =VLOOKUP($B$6:$B$17,'REPORT -D-MESS'!$B$5:$N$16,13,0) -> 5.7517401 | AB10: =SUM(R10+U10+X10+AA10)/4 -> 4.167083 | AC10: =VLOOKUP($B$6:$B$17,'REPORT -SENBAGAM MESS'!$B$5:$N$16,2,0) -> 28621 | AD10: =VLOOKUP($B$6:$B$17,'REPORT -SENBAGAM MESS'!$B$5:$N$16,3,0) -> 926 | AE10: =VLOOKUP($B$6:$B$17,'REPORT -SENBAGAM MESS'!$B$5:$N$16,4,0) -> 3.2353866 | AF10: =VLOOKUP($B$6:$B$17,'REPORT -SENBAGAM MESS'!$B$5:$N$16,5,0) -> 33720 | AG10: =VLOOKUP($B$6:$B$17,'REPORT -SENBAGAM MESS'!$B$5:$N$16,6,0) -> 1180 | AH10: =VLOOKUP($B$6:$B$17,'REPORT -SENBAGAM MESS'!$B$5:$N$16,7,0) -> 3.4994069 | AI10: =VLOOKUP($B$6:$B$17,'REPORT -SENBAGAM MESS'!$B$5:$N$16,8,0) -> 37262 | AJ10: =VLOOKUP($B$6:$B$17,'REPORT -SENBAGAM MESS'!$B$5:$N$16,9,0) -> 0 | AK10: =VLOOKUP($B$6:$B$17,'REPORT -SENBAGAM MESS'!$B$5:$N$16,10,0) -> 0 | AL10: =VLOOKUP($B$6:$B$17,'REPORT -SENBAGAM MESS'!$B$5:$N$16,11,0) -> 37262 | AM10: =VLOOKUP($B$6:$B$17,'REPORT -SENBAGAM MESS'!$B$5:$N$16,12,0) -> 1454 | AN10: =VLOOKUP($B$6:$B$17,'REPORT -SENBAGAM MESS'!$B$5:$N$16,13,0) -> 3.9020987 | AO10: =SUM(AE10+AH10+AK10+AN10/4) -> 7.7103181 | AP10: =VLOOKUP($B$6:$B$17,'REPORT -J MESS'!$B$6:$N$17,2,0) -> 27526 | AQ10: =VLOOKUP($B$6:$B$17,'REPORT -J MESS'!$B$6:$N$17,3,0) -> 959 | AR10: =VLOOKUP($B$6:$B$17,'REPORT -J MESS'!$B$6:$N$17,4,0) -> 3.4839788 | AS10: =VLOOKUP($B$6:$B$17,'REPORT -J MESS'!$B$6:$N$17,5,0) -> 43960 | AT10: =VLOOKUP($B$6:$B$17,'REPORT -J MESS'!$B$6:$N$17,6,0) -> 1420 | AU10: =VLOOKUP($B$6:$B$17,'REPORT -J MESS'!$B$6:$N$17,7,0) -> 3.2302093 | AV10: =VLOOKUP($B$6:$B$17,'REPORT -J MESS'!$B$6:$N$17,8,0) -> 45974 | AW10: =VLOOKUP($B$6:$B$17,'REPORT -J MESS'!$B$6:$N$17,9,0) -> 0 | AX10: =VLOOKUP($B$6:$B$17,'REPORT -J MESS'!$B$6:$N$17,10,0) -> 0 | AY10: =VLOOKUP($B$6:$B$17,'REPORT -J MESS'!$B$6:$N$17,11,0) -> 45974 | AZ10: =VLOOKUP($B$6:$B$17,'REPORT -J MESS'!$B$6:$N$17,12,0) -> 1552 | BA10: =VLOOKUP($B$6:$B$17,'REPORT -J MESS'!$B$6:$N$17,13,0) -> 3.3758211 | BB10: =SUM(AR10+AU10+AX10+BA10/4) -> 7.5581433 | BC10: =VLOOKUP($B$6:$B$17,'REPORT -MEENAKSHI MESS'!$B$5:$N$16,2,0) -> 9722 | BD10: =VLOOKUP($B$6:$B$17,'REPORT -MEENAKSHI MESS'!$B$5:$N$16,3,0) -> 198.5 | BE10: =VLOOKUP($B$6:$B$17,'REPORT -MEENAKSHI MESS'!$B$5:$N$16,4,0) -> 2.041761 | BF10: =VLOOKUP($B$6:$B$17,'REPORT -MEENAKSHI MESS'!$B$5:$N$16,5,0) -> 10815 | BG10: =VLOOKUP($B$6:$B$17,'REPORT -MEENAKSHI MESS'!$B$5:$N$16,6,0) -> 269.5 | BH10: =VLOOKUP($B$6:$B$17,'REPORT -MEENAKSHI MESS'!$B$5:$N$16,7,0) -> 2.4919094 | BI10: =VLOOKUP($B$6:$B$17,'REPORT -MEENAKSHI MESS'!$B$5:$N$16,8,0) -> 11822 | BJ10: =VLOOKUP($B$6:$B$17,'REPORT -MEENAKSHI MESS'!$B$5:$N$16,9,0) -> 0 | BK10: =VLOOKUP($B$6:$B$17,'REPORT -MEENAKSHI MESS'!$B$5:$N$16,10,0) -> 0 | BL10: =VLOOKUP($B$6:$B$17,'REPORT -MEENAKSHI MESS'!$B$5:$N$16,11,0) -> 11822 | BM10: =VLOOKUP($B$6:$B$17,'REPORT -MEENAKSHI MESS'!$B$5:$N$16,12,0) -> 275.5 | BN10: =VLOOKUP($B$6:$B$17,'REPORT -MEENAKSHI MESS'!$B$5:$N$16,13,0) -> 2.3304009 | BO10: =SUM(BE10+BH10+BK10+BN10)/4 -> 1.7160178 | BP10: =VLOOKUP($B$6:$B$17,'REPORT -STAFF MESS'!$B$5:$N$16,2,0) -> 24507 | BQ10: =VLOOKUP($B$6:$B$17,'REPORT -STAFF MESS'!$B$5:$N$16,3,0) -> 983 | BR10: =VLOOKUP($B$6:$B$17,'REPORT -STAFF MESS'!$B$5:$N$16,4,0) -> 4.0110989 | BS10: =VLOOKUP($B$6:$B$17,'REPORT -STAFF MESS'!$B$5:$N$16,5,0) -> 26746 | BT10: =VLOOKUP($B$6:$B$17,'REPORT -STAFF MESS'!$B$5:$N$16,6,0) -> 1706 | BU10: =VLOOKUP($B$6:$B$17,'REPORT -STAFF MESS'!$B$5:$N$16,7,0) -> 6.3785239 | BV10: =VLOOKUP($B$6:$B$17,'REPORT -STAFF MESS'!$B$5:$N$16,8,0) -> 19371 | BW10: =VLOOKUP($B$6:$B$17,'REPORT -STAFF MESS'!$B$5:$N$16,9,0) -> 0 | BX10: =VLOOKUP($B$6:$B$17,'REPORT -STAFF MESS'!$B$5:$N$16,10,0) -> 0 | BY10: =VLOOKUP($B$6:$B$17,'REPORT -STAFF MESS'!$B$5:$N$16,11,0) -> 19514 | BZ10: =VLOOKUP($B$6:$B$17,'REPORT -STAFF MESS'!$B$5:$N$16,12,0) -> 809 | CA10: =VLOOKUP($B$6:$B$17,'REPORT -STAFF MESS'!$B$5:$N$16,13,0) -> 4.1457415 | CB10: =SUM(BR10+BU10+BX10+CA10)/4 -> 3.6338411
A11: 6 | B11: Sep-2023 | C11: =VLOOKUP($B$6:$B$17,'REPORT - SANNASI MESS'!$B$5:$N$16,2,0) -> 70200 | D11: =VLOOKUP($B$6:$B$17,'REPORT - SANNASI MESS'!$B$5:$N$16,3,0) -> 954 | E11: =VLOOKUP($B$6:$B$17,'REPORT - SANNASI MESS'!$B$5:$N$16,4,0) -> 1.3589744 | F11: =VLOOKUP($B$6:$B$17,'REPORT - SANNASI MESS'!$B$5:$N$16,5,0) -> 137020 | G11: =VLOOKUP($B$6:$B$17,'REPORT - SANNASI MESS'!$B$5:$N$16,6,0) -> 4156 | H11: =VLOOKUP($B$6:$B$17,'REPORT - SANNASI MESS'!$B$5:$N$16,7,0) -> 3.0331338 | I11: =VLOOKUP($B$6:$B$17,'REPORT - SANNASI MESS'!$B$5:$N$16,8,0) -> 147900 | J11: =VLOOKUP($B$6:$B$17,'REPORT - SANNASI MESS'!$B$5:$N$16,9,0) -> 0 | K11: =VLOOKUP($B$6:$B$17,'REPORT - SANNASI MESS'!$B$5:$N$16,10,0) -> 0 | L11: =VLOOKUP($B$6:$B$17,'REPORT - SANNASI MESS'!$B$5:$N$16,11,0) -> 149800 | M11: =VLOOKUP($B$6:$B$17,'REPORT - SANNASI MESS'!$B$5:$N$16,12,0) -> 5026 | N11: =VLOOKUP($B$6:$B$17,'REPORT - SANNASI MESS'!$B$5:$N$16,13,0) -> 3.3551402 | O11: =SUM(E11+H11+K11+N11)/4 -> 1.9368121 | P11: =VLOOKUP($B$6:$B$17,'REPORT -D-MESS'!$B$5:$N$16,2,0) -> 22752 | Q11: =VLOOKUP($B$6:$B$17,'REPORT -D-MESS'!$B$5:$N$16,3,0) -> 1821 | R11: =VLOOKUP($B$6:$B$17,'REPORT -D-MESS'!$B$5:$N$16,4,0) -> 8.003692 | S11: =VLOOKUP($B$6:$B$17,'REPORT -D-MESS'!$B$5:$N$16,5,0) -> 37614 | T11: =VLOOKUP($B$6:$B$17,'REPORT -D-MESS'!$B$5:$N$16,6,0) -> 3057 | U11: =VLOOKUP($B$6:$B$17,'REPORT -D-MESS'!$B$5:$N$16,7,0) -> 8.127293 | V11: =VLOOKUP($B$6:$B$17,'REPORT -D-MESS'!$B$5:$N$16,8,0) -> 42907 | W11: =VLOOKUP($B$6:$B$17,'REPORT -D-MESS'!$B$5:$N$16,9,0) -> 0 | X11: =VLOOKUP($B$6:$B$17,'REPORT -D-MESS'!$B$5:$N$16,10,0) -> 0 | Y11: =VLOOKUP($B$6:$B$17,'REPORT -D-MESS'!$B$5:$N$16,11,0) -> 44457 | Z11: =VLOOKUP($B$6:$B$17,'REPORT -D-MESS'!$B$5:$N$16,12,0) -> 3583 | AA11: =VLOOKUP($B$6:$B$17,'REPORT -D-MESS'!$B$5:$N$16,13,0) -> 8.0594732 | AB11: =SUM(R11+U11+X11+AA11)/4 -> 6.0476146 | AC11: =VLOOKUP($B$6:$B$17,'REPORT -SENBAGAM MESS'!$B$5:$N$16,2,0) -> 25850 | AD11: =VLOOKUP($B$6:$B$17,'REPORT -SENBAGAM MESS'!$B$5:$N$16,3,0) -> 768 | AE11: =VLOOKUP($B$6:$B$17,'REPORT -SENBAGAM MESS'!$B$5:$N$16,4,0) -> 2.9709865 | AF11: =VLOOKUP($B$6:$B$17,'REPORT -SENBAGAM MESS'!$B$5:$N$16,5,0) -> 33820 | AG11: =VLOOKUP($B$6:$B$17,'REPORT -SENBAGAM MESS'!$B$5:$N$16,6,0) -> 1160 | AH11: =VLOOKUP($B$6:$B$17,'REPORT -SENBAGAM MESS'!$B$5:$N$16,7,0) -> 3.4299231 | AI11: =VLOOKUP($B$6:$B$17,'REPORT -SENBAGAM MESS'!$B$5:$N$16,8,0) -> 36740 | AJ11: =VLOOKUP($B$6:$B$17,'REPORT -SENBAGAM MESS'!$B$5:$N$16,9,0) -> 0 | AK11: =VLOOKUP($B$6:$B$17,'REPORT -SENBAGAM MESS'!$B$5:$N$16,10,0) -> 0 | AL11: =VLOOKUP($B$6:$B$17,'REPORT -SENBAGAM MESS'!$B$5:$N$16,11,0) -> 36770 | AM11: =VLOOKUP($B$6:$B$17,'REPORT -SENBAGAM MESS'!$B$5:$N$16,12,0) -> 1434 | AN11: =VLOOKUP($B$6:$B$17,'REPORT -SENBAGAM MESS'!$B$5:$N$16,13,0) -> 3.8999184 | AO11: =SUM(AE11+AH11+AK11+AN11/4) -> 7.3758892 | AP11: =VLOOKUP($B$6:$B$17,'REPORT -J MESS'!$B$6:$N$17,2,0) -> 26195 | AQ11: =VLOOKUP($B$6:$B$17,'REPORT -J MESS'!$B$6:$N$17,3,0) -> 948 | AR11: =VLOOKUP($B$6:$B$17,'REPORT -J MESS'!$B$6:$N$17,4,0) -> 3.6190113 | AS11: =VLOOKUP($B$6:$B$17,'REPORT -J MESS'!$B$6:$N$17,5,0) -> 41511 | AT11: =VLOOKUP($B$6:$B$17,'REPORT -J MESS'!$B$6:$N$17,6,0) -> 1210 | AU11: =VLOOKUP($B$6:$B$17,'REPORT -J MESS'!$B$6:$N$17,7,0) -> 2.91489 | AV11: =VLOOKUP($B$6:$B$17,'REPORT -J MESS'!$B$6:$N$17,8,0) -> 46272 | AW11: =VLOOKUP($B$6:$B$17,'REPORT -J MESS'!$B$6:$N$17,9,0) -> 0 | AX11: =VLOOKUP($B$6:$B$17,'REPORT -J MESS'!$B$6:$N$17,10,0) -> 0 | AY11: =VLOOKUP($B$6:$B$17,'REPORT -J MESS'!$B$6:$N$17,11,0) -> 46272 | AZ11: =VLOOKUP($B$6:$B$17,'REPORT -J MESS'!$B$6:$N$17,12,0) -> 1390 | BA11: =VLOOKUP($B$6:$B$17,'REPORT -J MESS'!$B$6:$N$17,13,0) -> 3.0039765 | BB11: =SUM(AR11+AU11+AX11+BA11/4) -> 7.2848954 | BC11: =VLOOKUP($B$6:$B$17,'REPORT -MEENAKSHI MESS'!$B$5:$N$16,2,0) -> 10380 | BD11: =VLOOKUP($B$6:$B$17,'REPORT -MEENAKSHI MESS'!$B$5:$N$16,3,0) -> 205 | BE11: =VLOOKUP($B$6:$B$17,'REPORT -MEENAKSHI MESS'!$B$5:$N$16,4,0) -> 1.9749518 | BF11: =VLOOKUP($B$6:$B$17,'REPORT -MEENAKSHI MESS'!$B$5:$N$16,5,0) -> 12067 | BG11: =VLOOKUP($B$6:$B$17,'REPORT -MEENAKSHI MESS'!$B$5:$N$16,6,0) -> 297 | BH11: =VLOOKUP($B$6:$B$17,'REPORT -MEENAKSHI MESS'!$B$5:$N$16,7,0) -> 2.461258 | BI11: =VLOOKUP($B$6:$B$17,'REPORT -MEENAKSHI MESS'!$B$5:$N$16,8,0) -> 12467 | BJ11: =VLOOKUP($B$6:$B$17,'REPORT -MEENAKSHI MESS'!$B$5:$N$16,9,0) -> 0 | BK11: =VLOOKUP($B$6:$B$17,'REPORT -MEENAKSHI MESS'!$B$5:$N$16,10,0) -> 0 | BL11: =VLOOKUP($B$6:$B$17,'REPORT -MEENAKSHI MESS'!$B$5:$N$16,11,0) -> 12467 | BM11: =VLOOKUP($B$6:$B$17,'REPORT -MEENAKSHI MESS'!$B$5:$N$16,12,0) -> 341 | BN11: =VLOOKUP($B$6:$B$17,'REPORT -MEENAKSHI MESS'!$B$5:$N$16,13,0) -> 2.735221 | BO11: =SUM(BE11+BH11+BK11+BN11)/4 -> 1.7928577 | BP11: =VLOOKUP($B$6:$B$17,'REPORT -STAFF MESS'!$B$5:$N$16,2,0) -> 23272 | BQ11: =VLOOKUP($B$6:$B$17,'REPORT -STAFF MESS'!$B$5:$N$16,3,0) -> 697 | BR11: =VLOOKUP($B$6:$B$17,'REPORT -STAFF MESS'!$B$5:$N$16,4,0) -> 2.9950155 | BS11: =VLOOKUP($B$6:$B$17,'REPORT -STAFF MESS'!$B$5:$N$16,5,0) -> 22932 | BT11: =VLOOKUP($B$6:$B$17,'REPORT -STAFF MESS'!$B$5:$N$16,6,0) -> 1443 | BU11: =VLOOKUP($B$6:$B$17,'REPORT -STAFF MESS'!$B$5:$N$16,7,0) -> 6.292517 | BV11: =VLOOKUP($B$6:$B$17,'REPORT -STAFF MESS'!$B$5:$N$16,8,0) -> 16988 | BW11: =VLOOKUP($B$6:$B$17,'REPORT -STAFF MESS'!$B$5:$N$16,9,0) -> 0 | BX11: =VLOOKUP($B$6:$B$17,'REPORT -STAFF MESS'!$B$5:$N$16,10,0) -> 0 | BY11: =VLOOKUP($B$6:$B$17,'REPORT -STAFF MESS'!$B$5:$N$16,11,0) -> 16988 | BZ11: =VLOOKUP($B$6:$B$17,'REPORT -STAFF MESS'!$B$5:$N$16,12,0) -> 683 | CA11: =VLOOKUP($B$6:$B$17,'REPORT -STAFF MESS'!$B$5:$N$16,13,0) -> 4.020485 | CB11: =SUM(BR11+BU11+BX11+CA11)/4 -> 3.3270044
A12: 7 | B12: Oct-2023 | C12: =VLOOKUP($B$6:$B$17,'REPORT - SANNASI MESS'!$B$5:$N$16,2,0) -> 69470 | D12: =VLOOKUP($B$6:$B$17,'REPORT - SANNASI MESS'!$B$5:$N$16,3,0) -> 894 | E12: =VLOOKUP($B$6:$B$17,'REPORT - SANNASI MESS'!$B$5:$N$16,4,0) -> 1.2868864 | F12: =VLOOKUP($B$6:$B$17,'REPORT - SANNASI MESS'!$B$5:$N$16,5,0) -> 143600 | G12: =VLOOKUP($B$6:$B$17,'REPORT - SANNASI MESS'!$B$5:$N$16,6,0) -> 4514 | H12: =VLOOKUP($B$6:$B$17,'REPORT - SANNASI MESS'!$B$5:$N$16,7,0) -> 3.143454 | I12: =VLOOKUP($B$6:$B$17,'REPORT - SANNASI MESS'!$B$5:$N$16,8,0) -> 155150 | J12: =VLOOKUP($B$6:$B$17,'REPORT - SANNASI MESS'!$B$5:$N$16,9,0) -> 0 | K12: =VLOOKUP($B$6:$B$17,'REPORT - SANNASI MESS'!$B$5:$N$16,10,0) -> 0 | L12: =VLOOKUP($B$6:$B$17,'REPORT - SANNASI MESS'!$B$5:$N$16,11,0) -> 155150 | M12: =VLOOKUP($B$6:$B$17,'REPORT - SANNASI MESS'!$B$5:$N$16,12,0) -> 5478 | N12: =VLOOKUP($B$6:$B$17,'REPORT - SANNASI MESS'!$B$5:$N$16,13,0) -> 3.5307767 | O12: =SUM(E12+H12+K12+N12)/4 -> 1.9902793 | P12: =VLOOKUP($B$6:$B$17,'REPORT -D-MESS'!$B$5:$N$16,2,0) -> 13135 | Q12: =VLOOKUP($B$6:$B$17,'REPORT -D-MESS'!$B$5:$N$16,3,0) -> 745 | R12: =VLOOKUP($B$6:$B$17,'REPORT -D-MESS'!$B$5:$N$16,4,0) -> 5.6718691 | S12: =VLOOKUP($B$6:$B$17,'REPORT -D-MESS'!$B$5:$N$16,5,0) -> 24626 | T12: =VLOOKUP($B$6:$B$17,'REPORT -D-MESS'!$B$5:$N$16,6,0) -> 2194 | U12: =VLOOKUP($B$6:$B$17,'REPORT -D-MESS'!$B$5:$N$16,7,0) -> 8.9092829 | V12: =VLOOKUP($B$6:$B$17,'REPORT -D-MESS'!$B$5:$N$16,8,0) -> 24790 | W12: =VLOOKUP($B$6:$B$17,'REPORT -D-MESS'!$B$5:$N$16,9,0) -> 0 | X12: =VLOOKUP($B$6:$B$17,'REPORT -D-MESS'!$B$5:$N$16,10,0) -> 0 | Y12: =VLOOKUP($B$6:$B$17,'REPORT -D-MESS'!$B$5:$N$16,11,0) -> 26240 | Z12: =VLOOKUP($B$6:$B$17,'REPORT -D-MESS'!$B$5:$N$16,12,0) -> 2264 | AA12: =VLOOKUP($B$6:$B$17,'REPORT -D-MESS'!$B$5:$N$16,13,0) -> 8.6280488 | AB12: =SUM(R12+U12+X12+AA12)/4 -> 5.8023002 | AC12: =VLOOKUP($B$6:$B$17,'REPORT -SENBAGAM MESS'!$B$5:$N$16,2,0) -> 23980 | AD12: =VLOOKUP($B$6:$B$17,'REPORT -SENBAGAM MESS'!$B$5:$N$16,3,0) -> 767 | AE12: =VLOOKUP($B$6:$B$17,'REPORT -SENBAGAM MESS'!$B$5:$N$16,4,0) -> 3.1984987 | AF12: =VLOOKUP($B$6:$B$17,'REPORT -SENBAGAM MESS'!$B$5:$N$16,5,0) -> 37370 | AG12: =VLOOKUP($B$6:$B$17,'REPORT -SENBAGAM MESS'!$B$5:$N$16,6,0) -> 1162 | AH12: =VLOOKUP($B$6:$B$17,'REPORT -SENBAGAM MESS'!$B$5:$N$16,7,0) -> 3.1094461 | AI12: =VLOOKUP($B$6:$B$17,'REPORT -SENBAGAM MESS'!$B$5:$N$16,8,0) -> 43070 | AJ12: =VLOOKUP($B$6:$B$17,'REPORT -SENBAGAM MESS'!$B$5:$N$16,9,0) -> 0 | AK12: =VLOOKUP($B$6:$B$17,'REPORT -SENBAGAM MESS'!$B$5:$N$16,10,0) -> 0 | AL12: =VLOOKUP($B$6:$B$17,'REPORT -SENBAGAM MESS'!$B$5:$N$16,11,0) -> 43070 | AM12: =VLOOKUP($B$6:$B$17,'REPORT -SENBAGAM MESS'!$B$5:$N$16,12,0) -> 1428 | AN12: =VLOOKUP($B$6:$B$17,'REPORT -SENBAGAM MESS'!$B$5:$N$16,13,0) -> 3.3155329 | AO12: =SUM(AE12+AH12+AK12+AN12/4) -> 7.136828 | AP12: =VLOOKUP($B$6:$B$17,'REPORT -J MESS'!$B$6:$N$17,2,0) -> 26369 | AQ12: =VLOOKUP($B$6:$B$17,'REPORT -J MESS'!$B$6:$N$17,3,0) -> 694 | AR12: =VLOOKUP($B$6:$B$17,'REPORT -J MESS'!$B$6:$N$17,4,0) -> 2.6318783 | AS12: =VLOOKUP($B$6:$B$17,'REPORT -J MESS'!$B$6:$N$17,5,0) -> 43172 | AT12: =VLOOKUP($B$6:$B$17,'REPORT -J MESS'!$B$6:$N$17,6,0) -> 882 | AU12: =VLOOKUP($B$6:$B$17,'REPORT -J MESS'!$B$6:$N$17,7,0) -> 2.0429908 | AV12: =VLOOKUP($B$6:$B$17,'REPORT -J MESS'!$B$6:$N$17,8,0) -> 45651 | AW12: =VLOOKUP($B$6:$B$17,'REPORT -J MESS'!$B$6:$N$17,9,0) -> 0 | AX12: =VLOOKUP($B$6:$B$17,'REPORT -J MESS'!$B$6:$N$17,10,0) -> 0 | AY12: =VLOOKUP($B$6:$B$17,'REPORT -J MESS'!$B$6:$N$17,11,0) -> 45652 | AZ12: =VLOOKUP($B$6:$B$17,'REPORT -J MESS'!$B$6:$N$17,12,0) -> 985 | BA12: =VLOOKUP($B$6:$B$17,'REPORT -J MESS'!$B$6:$N$17,13,0) -> 2.1576273 | BB12: =SUM(AR12+AU12+AX12+BA12/4) -> 5.214276 | BC12: =VLOOKUP($B$6:$B$17,'REPORT -MEENAKSHI MESS'!$B$5:$N$16,2,0) -> 9230 | BD12: =VLOOKUP($B$6:$B$17,'REPORT -MEENAKSHI MESS'!$B$5:$N$16,3,0) -> 183 | BE12: =VLOOKUP($B$6:$B$17,'REPORT -MEENAKSHI MESS'!$B$5:$N$16,4,0) -> 1.9826652 | BF12: =VLOOKUP($B$6:$B$17,'REPORT -MEENAKSHI MESS'!$B$5:$N$16,5,0) -> 18922 | BG12: =VLOOKUP($B$6:$B$17,'REPORT -MEENAKSHI MESS'!$B$5:$N$16,6,0) -> 309 | BH12: =VLOOKUP($B$6:$B$17,'REPORT -MEENAKSHI MESS'!$B$5:$N$16,7,0) -> 1.6330198 | BI12: =VLOOKUP($B$6:$B$17,'REPORT -MEENAKSHI MESS'!$B$5:$N$16,8,0) -> 12152 | BJ12: =VLOOKUP($B$6:$B$17,'REPORT -MEENAKSHI MESS'!$B$5:$N$16,9,0) -> 0 | BK12: =VLOOKUP($B$6:$B$17,'REPORT -MEENAKSHI MESS'!$B$5:$N$16,10,0) -> 0 | BL12: =VLOOKUP($B$6:$B$17,'REPORT -MEENAKSHI MESS'!$B$5:$N$16,11,0) -> 12142 | BM12: =VLOOKUP($B$6:$B$17,'REPORT -MEENAKSHI MESS'!$B$5:$N$16,12,0) -> 382 | BN12: =VLOOKUP($B$6:$B$17,'REPORT -MEENAKSHI MESS'!$B$5:$N$16,13,0) -> 3.1461044 | BO12: =SUM(BE12+BH12+BK12+BN12)/4 -> 1.6904474 | BP12: =VLOOKUP($B$6:$B$17,'REPORT -STAFF MESS'!$B$5:$N$16,2,0) -> 22343 | BQ12: =VLOOKUP($B$6:$B$17,'REPORT -STAFF MESS'!$B$5:$N$16,3,0) -> 744 | BR12: =VLOOKUP($B$6:$B$17,'REPORT -STAFF MESS'!$B$5:$N$16,4,0) -> 3.329902 | BS12: =VLOOKUP($B$6:$B$17,'REPORT -STAFF MESS'!$B$5:$N$16,5,0) -> 27087 | BT12: =VLOOKUP($B$6:$B$17,'REPORT -STAFF MESS'!$B$5:$N$16,6,0) -> 1644 | BU12: =VLOOKUP($B$6:$B$17,'REPORT -STAFF MESS'!$B$5:$N$16,7,0) -> 6.0693322 | BV12: =VLOOKUP($B$6:$B$17,'REPORT -STAFF MESS'!$B$5:$N$16,8,0) -> 13532 | BW12: =VLOOKUP($B$6:$B$17,'REPORT -STAFF MESS'!$B$5:$N$16,9,0) -> 0 | BX12: =VLOOKUP($B$6:$B$17,'REPORT -STAFF MESS'!$B$5:$N$16,10,0) -> 0 | BY12: =VLOOKUP($B$6:$B$17,'REPORT -STAFF MESS'!$B$5:$N$16,11,0) -> 13532 | BZ12: =VLOOKUP($B$6:$B$17,'REPORT -STAFF MESS'!$B$5:$N$16,12,0) -> 675 | CA12: =VLOOKUP($B$6:$B$17,'REPORT -STAFF MESS'!$B$5:$N$16,13,0) -> 4.9881762 | CB12: =SUM(BR12+BU12+BX12+CA12)/4 -> 3.5968526
A13: 8 | B13: Nov-2023 | C13: =VLOOKUP($B$6:$B$17,'REPORT - SANNASI MESS'!$B$5:$N$16,2,0) -> 66970 | D13: =VLOOKUP($B$6:$B$17,'REPORT - SANNASI MESS'!$B$5:$N$16,3,0) -> 1041 | E13: =VLOOKUP($B$6:$B$17,'REPORT - SANNASI MESS'!$B$5:$N$16,4,0) -> 1.5544274 | F13: =VLOOKUP($B$6:$B$17,'REPORT - SANNASI MESS'!$B$5:$N$16,5,0) -> 147220 | G13: =VLOOKUP($B$6:$B$17,'REPORT - SANNASI MESS'!$B$5:$N$16,6,0) -> 4501 | H13: =VLOOKUP($B$6:$B$17,'REPORT - SANNASI MESS'!$B$5:$N$16,7,0) -> 3.0573292 | I13: =VLOOKUP($B$6:$B$17,'REPORT - SANNASI MESS'!$B$5:$N$16,8,0) -> 166910 | J13: =VLOOKUP($B$6:$B$17,'REPORT - SANNASI MESS'!$B$5:$N$16,9,0) -> 0 | K13: =VLOOKUP($B$6:$B$17,'REPORT - SANNASI MESS'!$B$5:$N$16,10,0) -> 0 | L13: =VLOOKUP($B$6:$B$17,'REPORT - SANNASI MESS'!$B$5:$N$16,11,0) -> 166910 | M13: =VLOOKUP($B$6:$B$17,'REPORT - SANNASI MESS'!$B$5:$N$16,12,0) -> 5820 | N13: =VLOOKUP($B$6:$B$17,'REPORT - SANNASI MESS'!$B$5:$N$16,13,0) -> 3.4869091 | O13: =SUM(E13+H13+K13+N13)/4 -> 2.0246664 | P13: =VLOOKUP($B$6:$B$17,'REPORT -D-MESS'!$B$5:$N$16,2,0) -> 12493 | Q13: =VLOOKUP($B$6:$B$17,'REPORT -D-MESS'!$B$5:$N$16,3,0) -> 1006 | R13: =VLOOKUP($B$6:$B$17,'REPORT -D-MESS'!$B$5:$N$16,4,0) -> 8.0525094 | S13: =VLOOKUP($B$6:$B$17,'REPORT -D-MESS'!$B$5:$N$16,5,0) -> 21964 | T13: =VLOOKUP($B$6:$B$17,'REPORT -D-MESS'!$B$5:$N$16,6,0) -> 1977 | U13: =VLOOKUP($B$6:$B$17,'REPORT -D-MESS'!$B$5:$N$16,7,0) -> 9.0010927 | V13: =VLOOKUP($B$6:$B$17,'REPORT -D-MESS'!$B$5:$N$16,8,0) -> 26996 | W13: =VLOOKUP($B$6:$B$17,'REPORT -D-MESS'!$B$5:$N$16,9,0) -> 0 | X13: =VLOOKUP($B$6:$B$17,'REPORT -D-MESS'!$B$5:$N$16,10,0) -> 0 | Y13: =VLOOKUP($B$6:$B$17,'REPORT -D-MESS'!$B$5:$N$16,11,0) -> 26996 | Z13: =VLOOKUP($B$6:$B$17,'REPORT -D-MESS'!$B$5:$N$16,12,0) -> 2411 | AA13: =VLOOKUP($B$6:$B$17,'REPORT -D-MESS'!$B$5:$N$16,13,0) -> 8.9309527 | AB13: =SUM(R13+U13+X13+AA13)/4 -> 6.4961387 | AC13: =VLOOKUP($B$6:$B$17,'REPORT -SENBAGAM MESS'!$B$5:$N$16,2,0) -> 25900 | AD13: =VLOOKUP($B$6:$B$17,'REPORT -SENBAGAM MESS'!$B$5:$N$16,3,0) -> 656 | AE13: =VLOOKUP($B$6:$B$17,'REPORT -SENBAGAM MESS'!$B$5:$N$16,4,0) -> 2.5328185 | AF13: =VLOOKUP($B$6:$B$17,'REPORT -SENBAGAM MESS'!$B$5:$N$16,5,0) -> 35500 | AG13: =VLOOKUP($B$6:$B$17,'REPORT -SENBAGAM MESS'!$B$5:$N$16,6,0) -> 1094 | AH13: =VLOOKUP($B$6:$B$17,'REPORT -SENBAGAM MESS'!$B$5:$N$16,7,0) -> 3.0816901 | AI13: =VLOOKUP($B$6:$B$17,'REPORT -SENBAGAM MESS'!$B$5:$N$16,8,0) -> 39475 | AJ13: =VLOOKUP($B$6:$B$17,'REPORT -SENBAGAM MESS'!$B$5:$N$16,9,0) -> 0 | AK13: =VLOOKUP($B$6:$B$17,'REPORT -SENBAGAM MESS'!$B$5:$N$16,10,0) -> 0 | AL13: =VLOOKUP($B$6:$B$17,'REPORT -SENBAGAM MESS'!$B$5:$N$16,11,0) -> 39475 | AM13: =VLOOKUP($B$6:$B$17,'REPORT -SENBAGAM MESS'!$B$5:$N$16,12,0) -> 1241 | AN13: =VLOOKUP($B$6:$B$17,'REPORT -SENBAGAM MESS'!$B$5:$N$16,13,0) -> 3.1437619 | AO13: =SUM(AE13+AH13+AK13+AN13/4) -> 6.4004491 | AP13: =VLOOKUP($B$6:$B$17,'REPORT -J MESS'!$B$6:$N$17,2,0) -> 27719 | AQ13: =VLOOKUP($B$6:$B$17,'REPORT -J MESS'!$B$6:$N$17,3,0) -> 734 | AR13: =VLOOKUP($B$6:$B$17,'REPORT -J MESS'!$B$6:$N$17,4,0) -> 2.6480032 | AS13: =VLOOKUP($B$6:$B$17,'REPORT -J MESS'!$B$6:$N$17,5,0) -> 40837 | AT13: =VLOOKUP($B$6:$B$17,'REPORT -J MESS'!$B$6:$N$17,6,0) -> 889 | AU13: =VLOOKUP($B$6:$B$17,'REPORT -J MESS'!$B$6:$N$17,7,0) -> 2.1769474 | AV13: =VLOOKUP($B$6:$B$17,'REPORT -J MESS'!$B$6:$N$17,8,0) -> 46388 | AW13: =VLOOKUP($B$6:$B$17,'REPORT -J MESS'!$B$6:$N$17,9,0) -> 0 | AX13: =VLOOKUP($B$6:$B$17,'REPORT -J MESS'!$B$6:$N$17,10,0) -> 0 | AY13: =VLOOKUP($B$6:$B$17,'REPORT -J MESS'!$B$6:$N$17,11,0) -> 46388 | AZ13: =VLOOKUP($B$6:$B$17,'REPORT -J MESS'!$B$6:$N$17,12,0) -> 1052 | BA13: =VLOOKUP($B$6:$B$17,'REPORT -J MESS'!$B$6:$N$17,13,0) -> 2.2678279 | BB13: =SUM(AR13+AU13+AX13+BA13/4) -> 5.3919075 | BC13: =VLOOKUP($B$6:$B$17,'REPORT -MEENAKSHI MESS'!$B$5:$N$16,2,0) -> 8170 | BD13: =VLOOKUP($B$6:$B$17,'REPORT -MEENAKSHI MESS'!$B$5:$N$16,3,0) -> 181 | BE13: =VLOOKUP($B$6:$B$17,'REPORT -MEENAKSHI MESS'!$B$5:$N$16,4,0) -> 2.2154223 | BF13: =VLOOKUP($B$6:$B$17,'REPORT -MEENAKSHI MESS'!$B$5:$N$16,5,0) -> 11536 | BG13: =VLOOKUP($B$6:$B$17,'REPORT -MEENAKSHI MESS'!$B$5:$N$16,6,0) -> 376 | BH13: =VLOOKUP($B$6:$B$17,'REPORT -MEENAKSHI MESS'!$B$5:$N$16,7,0) -> 3.259362 | BI13: =VLOOKUP($B$6:$B$17,'REPORT -MEENAKSHI MESS'!$B$5:$N$16,8,0) -> 12450 | BJ13: =VLOOKUP($B$6:$B$17,'REPORT -MEENAKSHI MESS'!$B$5:$N$16,9,0) -> 0 | BK13: =VLOOKUP($B$6:$B$17,'REPORT -MEENAKSHI MESS'!$B$5:$N$16,10,0) -> 0 | BL13: =VLOOKUP($B$6:$B$17,'REPORT -MEENAKSHI MESS'!$B$5:$N$16,11,0) -> 12450 | BM13: =VLOOKUP($B$6:$B$17,'REPORT -MEENAKSHI MESS'!$B$5:$N$16,12,0) -> 469 | BN13: =VLOOKUP($B$6:$B$17,'REPORT -MEENAKSHI MESS'!$B$5:$N$16,13,0) -> 3.7670683 | BO13: =SUM(BE13+BH13+BK13+BN13)/4 -> 2.3104631 | BP13: =VLOOKUP($B$6:$B$17,'REPORT -STAFF MESS'!$B$5:$N$16,2,0) -> 20244 | BQ13: =VLOOKUP($B$6:$B$17,'REPORT -STAFF MESS'!$B$5:$N$16,3,0) -> 713 | BR13: =VLOOKUP($B$6:$B$17,'REPORT -STAFF MESS'!$B$5:$N$16,4,0) -> 3.5220312 | BS13: =VLOOKUP($B$6:$B$17,'REPORT -STAFF MESS'!$B$5:$N$16,5,0) -> 21583 | BT13: =VLOOKUP($B$6:$B$17,'REPORT -STAFF MESS'!$B$5:$N$16,6,0) -> 1525 | BU13: =VLOOKUP($B$6:$B$17,'REPORT -STAFF MESS'!$B$5:$N$16,7,0) -> 7.0657462 | BV13: =VLOOKUP($B$6:$B$17,'REPORT -STAFF MESS'!$B$5:$N$16,8,0) -> 10143 | BW13: =VLOOKUP($B$6:$B$17,'REPORT -STAFF MESS'!$B$5:$N$16,9,0) -> 0 | BX13: =VLOOKUP($B$6:$B$17,'REPORT -STAFF MESS'!$B$5:$N$16,10,0) -> 0 | BY13: =VLOOKUP($B$6:$B$17,'REPORT -STAFF MESS'!$B$5:$N$16,11,0) -> 10143 | BZ13: =VLOOKUP($B$6:$B$17,'REPORT -STAFF MESS'!$B$5:$N$16,12,0) -> 647 | CA13: =VLOOKUP($B$6:$B$17,'REPORT -STAFF MESS'!$B$5:$N$16,13,0) -> 6.3787834 | CB13: =SUM(BR13+BU13+BX13+CA13)/4 -> 4.2416402
A14: 9 | B14: Dec-2023 | C14: =VLOOKUP($B$6:$B$17,'REPORT - SANNASI MESS'!$B$5:$N$16,2,0) -> 41510 | D14: =VLOOKUP($B$6:$B$17,'REPORT - SANNASI MESS'!$B$5:$N$16,3,0) -> 694 | E14: =VLOOKUP($B$6:$B$17,'REPORT - SANNASI MESS'!$B$5:$N$16,4,0) -> 1.6718863 | F14: =VLOOKUP($B$6:$B$17,'REPORT - SANNASI MESS'!$B$5:$N$16,5,0) -> 85051 | G14: =VLOOKUP($B$6:$B$17,'REPORT - SANNASI MESS'!$B$5:$N$16,6,0) -> 3254 | H14: =VLOOKUP($B$6:$B$17,'REPORT - SANNASI MESS'!$B$5:$N$16,7,0) -> 3.8259397 | I14: =VLOOKUP($B$6:$B$17,'REPORT - SANNASI MESS'!$B$5:$N$16,8,0) -> 78921 | J14: =VLOOKUP($B$6:$B$17,'REPORT - SANNASI MESS'!$B$5:$N$16,9,0) -> 0 | K14: =VLOOKUP($B$6:$B$17,'REPORT - SANNASI MESS'!$B$5:$N$16,10,0) -> 0 | L14: =VLOOKUP($B$6:$B$17,'REPORT - SANNASI MESS'!$B$5:$N$16,11,0) -> 79121 | M14: =VLOOKUP($B$6:$B$17,'REPORT - SANNASI MESS'!$B$5:$N$16,12,0) -> 4447 | N14: =VLOOKUP($B$6:$B$17,'REPORT - SANNASI MESS'!$B$5:$N$16,13,0) -> 5.6205053 | O14: =SUM(E14+H14+K14+N14)/4 -> 2.7795828 | P14: =VLOOKUP($B$6:$B$17,'REPORT -D-MESS'!$B$5:$N$16,2,0) -> 4976 | Q14: =VLOOKUP($B$6:$B$17,'REPORT -D-MESS'!$B$5:$N$16,3,0) -> 205 | R14: =VLOOKUP($B$6:$B$17,'REPORT -D-MESS'!$B$5:$N$16,4,0) -> 4.1197749 | S14: =VLOOKUP($B$6:$B$17,'REPORT -D-MESS'!$B$5:$N$16,5,0) -> 8673 | T14: =VLOOKUP($B$6:$B$17,'REPORT -D-MESS'!$B$5:$N$16,6,0) -> 468 | U14: =VLOOKUP($B$6:$B$17,'REPORT -D-MESS'!$B$5:$N$16,7,0) -> 5.3960567 | V14: =VLOOKUP($B$6:$B$17,'REPORT -D-MESS'!$B$5:$N$16,8,0) -> 10715 | W14: =VLOOKUP($B$6:$B$17,'REPORT -D-MESS'!$B$5:$N$16,9,0) -> 0 | X14: =VLOOKUP($B$6:$B$17,'REPORT -D-MESS'!$B$5:$N$16,10,0) -> 0 | Y14: =VLOOKUP($B$6:$B$17,'REPORT -D-MESS'!$B$5:$N$16,11,0) -> 10715 | Z14: =VLOOKUP($B$6:$B$17,'REPORT -D-MESS'!$B$5:$N$16,12,0) -> 525 | AA14: =VLOOKUP($B$6:$B$17,'REPORT -D-MESS'!$B$5:$N$16,13,0) -> 4.8996734 | AB14: =SUM(R14+U14+X14+AA14)/4 -> 3.6038763 | AC14: =VLOOKUP($B$6:$B$17,'REPORT -SENBAGAM MESS'!$B$5:$N$16,2,0) -> 15635 | AD14: =VLOOKUP($B$6:$B$17,'REPORT -SENBAGAM MESS'!$B$5:$N$16,3,0) -> 389 | AE14: =VLOOKUP($B$6:$B$17,'REPORT -SENBAGAM MESS'!$B$5:$N$16,4,0) -> 2.4880077 | AF14: =VLOOKUP($B$6:$B$17,'REPORT -SENBAGAM MESS'!$B$5:$N$16,5,0) -> 20235 | AG14: =VLOOKUP($B$6:$B$17,'REPORT -SENBAGAM MESS'!$B$5:$N$16,6,0) -> 659 | AH14: =VLOOKUP($B$6:$B$17,'REPORT -SENBAGAM MESS'!$B$5:$N$16,7,0) -> 3.2567334 | AI14: =VLOOKUP($B$6:$B$17,'REPORT -SENBAGAM MESS'!$B$5:$N$16,8,0) -> 21520 | AJ14: =VLOOKUP($B$6:$B$17,'REPORT -SENBAGAM MESS'!$B$5:$N$16,9,0) -> 0 | AK14: =VLOOKUP($B$6:$B$17,'REPORT -SENBAGAM MESS'!$B$5:$N$16,10,0) -> 0 | AL14: =VLOOKUP($B$6:$B$17,'REPORT -SENBAGAM MESS'!$B$5:$N$16,11,0) -> 21640 | AM14: =VLOOKUP($B$6:$B$17,'REPORT -SENBAGAM MESS'!$B$5:$N$16,12,0) -> 838 | AN14: =VLOOKUP($B$6:$B$17,'REPORT -SENBAGAM MESS'!$B$5:$N$16,13,0) -> 3.8724584 | AO14: =SUM(AE14+AH14+AK14+AN14/4) -> 6.7128557 | AP14: =VLOOKUP($B$6:$B$17,'REPORT -J MESS'!$B$6:$N$17,2,0) -> 8377 | AQ14: =VLOOKUP($B$6:$B$17,'REPORT -J MESS'!$B$6:$N$17,3,0) -> 237 | AR14: =VLOOKUP($B$6:$B$17,'REPORT -J MESS'!$B$6:$N$17,4,0) -> 2.8291751 | AS14: =VLOOKUP($B$6:$B$17,'REPORT -J MESS'!$B$6:$N$17,5,0) -> 9939 | AT14: =VLOOKUP($B$6:$B$17,'REPORT -J MESS'!$B$6:$N$17,6,0) -> 306 | AU14: =VLOOKUP($B$6:$B$17,'REPORT -J MESS'!$B$6:$N$17,7,0) -> 3.0787806 | AV14: =VLOOKUP($B$6:$B$17,'REPORT -J MESS'!$B$6:$N$17,8,0) -> 9655 | AW14: =VLOOKUP($B$6:$B$17,'REPORT -J MESS'!$B$6:$N$17,9,0) -> 0 | AX14: =VLOOKUP($B$6:$B$17,'REPORT -J MESS'!$B$6:$N$17,10,0) -> 0 | AY14: =VLOOKUP($B$6:$B$17,'REPORT -J MESS'!$B$6:$N$17,11,0) -> 9655 | AZ14: =VLOOKUP($B$6:$B$17,'REPORT -J MESS'!$B$6:$N$17,12,0) -> 436 | BA14: =VLOOKUP($B$6:$B$17,'REPORT -J MESS'!$B$6:$N$17,13,0) -> 4.5157949 | BB14: =SUM(AR14+AU14+AX14+BA14/4) -> 7.0369044 | BC14: =VLOOKUP($B$6:$B$17,'REPORT -MEENAKSHI MESS'!$B$5:$N$16,2,0) -> 5311 | BD14: =VLOOKUP($B$6:$B$17,'REPORT -MEENAKSHI MESS'!$B$5:$N$16,3,0) -> 116 | BE14: =VLOOKUP($B$6:$B$17,'REPORT -MEENAKSHI MESS'!$B$5:$N$16,4,0) -> 2.1841461 | BF14: =VLOOKUP($B$6:$B$17,'REPORT -MEENAKSHI MESS'!$B$5:$N$16,5,0) -> 6570 | BG14: =VLOOKUP($B$6:$B$17,'REPORT -MEENAKSHI MESS'!$B$5:$N$16,6,0) -> 241 | BH14: =VLOOKUP($B$6:$B$17,'REPORT -MEENAKSHI MESS'!$B$5:$N$16,7,0) -> 3.6681887 | BI14: =VLOOKUP($B$6:$B$17,'REPORT -MEENAKSHI MESS'!$B$5:$N$16,8,0) -> 7129 | BJ14: =VLOOKUP($B$6:$B$17,'REPORT -MEENAKSHI MESS'!$B$5:$N$16,9,0) -> 0 | BK14: =VLOOKUP($B$6:$B$17,'REPORT -MEENAKSHI MESS'!$B$5:$N$16,10,0) -> 0 | BL14: =VLOOKUP($B$6:$B$17,'REPORT -MEENAKSHI MESS'!$B$5:$N$16,11,0) -> 7162 | BM14: =VLOOKUP($B$6:$B$17,'REPORT -MEENAKSHI MESS'!$B$5:$N$16,12,0) -> 301 | BN14: =VLOOKUP($B$6:$B$17,'REPORT -MEENAKSHI MESS'!$B$5:$N$16,13,0) -> 4.2027367 | BO14: =SUM(BE14+BH14+BK14+BN14)/4 -> 2.5137679 | BP14: =VLOOKUP($B$6:$B$17,'REPORT -STAFF MESS'!$B$5:$N$16,2,0) -> 20462 | BQ14: =VLOOKUP($B$6:$B$17,'REPORT -STAFF MESS'!$B$5:$N$16,3,0) -> 762 | BR14: =VLOOKUP($B$6:$B$17,'REPORT -STAFF MESS'!$B$5:$N$16,4,0) -> 3.7239762 | BS14: =VLOOKUP($B$6:$B$17,'REPORT -STAFF MESS'!$B$5:$N$16,5,0) -> 21808 | BT14: =VLOOKUP($B$6:$B$17,'REPORT -STAFF MESS'!$B$5:$N$16,6,0) -> 1474 | BU14: =VLOOKUP($B$6:$B$17,'REPORT -STAFF MESS'!$B$5:$N$16,7,0) -> 6.7589875 | BV14: =VLOOKUP($B$6:$B$17,'REPORT -STAFF MESS'!$B$5:$N$16,8,0) -> 8604 | BW14: =VLOOKUP($B$6:$B$17,'REPORT -STAFF MESS'!$B$5:$N$16,9,0) -> 0 | BX14: =VLOOKUP($B$6:$B$17,'REPORT -STAFF MESS'!$B$5:$N$16,10,0) -> 0 | BY14: =VLOOKUP($B$6:$B$17,'REPORT -STAFF MESS'!$B$5:$N$16,11,0) -> 8604 | BZ14: =VLOOKUP($B$6:$B$17,'REPORT -STAFF MESS'!$B$5:$N$16,12,0) -> 566 | CA14: =VLOOKUP($B$6:$B$17,'REPORT -STAFF MESS'!$B$5:$N$16,13,0) -> 6.5783357 | CB14: =SUM(BR14+BU14+BX14+CA14)/4 -> 4.2653248
A15: 10 | B15: Jan-2024 | C15: =VLOOKUP($B$6:$B$17,'REPORT - SANNASI MESS'!$B$5:$N$16,2,0) -> 63766 | D15: =VLOOKUP($B$6:$B$17,'REPORT - SANNASI MESS'!$B$5:$N$16,3,0) -> 765 | E15: =VLOOKUP($B$6:$B$17,'REPORT - SANNASI MESS'!$B$5:$N$16,4,0) -> 1.1996989 | F15: =VLOOKUP($B$6:$B$17,'REPORT - SANNASI MESS'!$B$5:$N$16,5,0) -> 120981 | G15: =VLOOKUP($B$6:$B$17,'REPORT - SANNASI MESS'!$B$5:$N$16,6,0) -> 3937 | H15: =VLOOKUP($B$6:$B$17,'REPORT - SANNASI MESS'!$B$5:$N$16,7,0) -> 3.25423 | I15: =VLOOKUP($B$6:$B$17,'REPORT - SANNASI MESS'!$B$5:$N$16,8,0) -> 112366 | J15: =VLOOKUP($B$6:$B$17,'REPORT - SANNASI MESS'!$B$5:$N$16,9,0) -> 0 | K15: =VLOOKUP($B$6:$B$17,'REPORT - SANNASI MESS'!$B$5:$N$16,10,0) -> 0 | L15: =VLOOKUP($B$6:$B$17,'REPORT - SANNASI MESS'!$B$5:$N$16,11,0) -> 113466 | M15: =VLOOKUP($B$6:$B$17,'REPORT - SANNASI MESS'!$B$5:$N$16,12,0) -> 4753 | N15: =VLOOKUP($B$6:$B$17,'REPORT - SANNASI MESS'!$B$5:$N$16,13,0) -> 4.18892 | O15: =SUM(E15+H15+K15+N15)/4 -> 2.1607122 | P15: =VLOOKUP($B$6:$B$17,'REPORT -D-MESS'!$B$5:$N$16,2,0) -> 1395 | Q15: =VLOOKUP($B$6:$B$17,'REPORT -D-MESS'!$B$5:$N$16,3,0) -> 0 | R15: =VLOOKUP($B$6:$B$17,'REPORT -D-MESS'!$B$5:$N$16,4,0) -> 0 | S15: =VLOOKUP($B$6:$B$17,'REPORT -D-MESS'!$B$5:$N$16,5,0) -> 1250 | T15: =VLOOKUP($B$6:$B$17,'REPORT -D-MESS'!$B$5:$N$16,6,0) -> 0 | U15: =VLOOKUP($B$6:$B$17,'REPORT -D-MESS'!$B$5:$N$16,7,0) -> 0 | V15: =VLOOKUP($B$6:$B$17,'REPORT -D-MESS'!$B$5:$N$16,8,0) -> 3480 | W15: =VLOOKUP($B$6:$B$17,'REPORT -D-MESS'!$B$5:$N$16,9,0) -> 0 | X15: =VLOOKUP($B$6:$B$17,'REPORT -D-MESS'!$B$5:$N$16,10,0) -> 0 | Y15: =VLOOKUP($B$6:$B$17,'REPORT -D-MESS'!$B$5:$N$16,11,0) -> 3480 | Z15: =VLOOKUP($B$6:$B$17,'REPORT -D-MESS'!$B$5:$N$16,12,0) -> 0 | AA15: =VLOOKUP($B$6:$B$17,'REPORT -D-MESS'!$B$5:$N$16,13,0) -> 0 | AB15: =SUM(R15+U15+X15+AA15)/4 -> 0 | AC15: =VLOOKUP($B$6:$B$17,'REPORT -SENBAGAM MESS'!$B$5:$N$16,2,0) -> 20310 | AD15: =VLOOKUP($B$6:$B$17,'REPORT -SENBAGAM MESS'!$B$5:$N$16,3,0) -> 254 | AE15: =VLOOKUP($B$6:$B$17,'REPORT -SENBAGAM MESS'!$B$5:$N$16,4,0) -> 1.2506155 | AF15: =VLOOKUP($B$6:$B$17,'REPORT -SENBAGAM MESS'!$B$5:$N$16,5,0) -> 24910 | AG15: =VLOOKUP($B$6:$B$17,'REPORT -SENBAGAM MESS'!$B$5:$N$16,6,0) -> 424 | AH15: =VLOOKUP($B$6:$B$17,'REPORT -SENBAGAM MESS'!$B$5:$N$16,7,0) -> 1.7021277 | AI15: =VLOOKUP($B$6:$B$17,'REPORT -SENBAGAM MESS'!$B$5:$N$16,8,0) -> 26700 | AJ15: =VLOOKUP($B$6:$B$17,'REPORT -SENBAGAM MESS'!$B$5:$N$16,9,0) -> 0 | AK15: =VLOOKUP($B$6:$B$17,'REPORT -SENBAGAM MESS'!$B$5:$N$16,10,0) -> 0 | AL15: =VLOOKUP($B$6:$B$17,'REPORT -SENBAGAM MESS'!$B$5:$N$16,11,0) -> 27480 | AM15: =VLOOKUP($B$6:$B$17,'REPORT -SENBAGAM MESS'!$B$5:$N$16,12,0) -> 530 | AN15: =VLOOKUP($B$6:$B$17,'REPORT -SENBAGAM MESS'!$B$5:$N$16,13,0) -> 1.9286754 | AO15: =SUM(AE15+AH15+AK15+AN15/4) -> 3.434912 | AP15: =VLOOKUP($B$6:$B$17,'REPORT -J MESS'!$B$6:$N$17,2,0) -> 8000 | AQ15: =VLOOKUP($B$6:$B$17,'REPORT -J MESS'!$B$6:$N$17,3,0) -> 121 | AR15: =VLOOKUP($B$6:$B$17,'REPORT -J MESS'!$B$6:$N$17,4,0) -> 1.5125 | AS15: =VLOOKUP($B$6:$B$17,'REPORT -J MESS'!$B$6:$N$17,5,0) -> 12378 | AT15: =VLOOKUP($B$6:$B$17,'REPORT -J MESS'!$B$6:$N$17,6,0) -> 160 | AU15: =VLOOKUP($B$6:$B$17,'REPORT -J MESS'!$B$6:$N$17,7,0) -> 1.2926159 | AV15: =VLOOKUP($B$6:$B$17,'REPORT -J MESS'!$B$6:$N$17,8,0) -> 12944 | AW15: =VLOOKUP($B$6:$B$17,'REPORT -J MESS'!$B$6:$N$17,9,0) -> 0 | AX15: =VLOOKUP($B$6:$B$17,'REPORT -J MESS'!$B$6:$N$17,10,0) -> 0 | AY15: =VLOOKUP($B$6:$B$17,'REPORT -J MESS'!$B$6:$N$17,11,0) -> 13894 | AZ15: =VLOOKUP($B$6:$B$17,'REPORT -J MESS'!$B$6:$N$17,12,0) -> 165 | BA15: =VLOOKUP($B$6:$B$17,'REPORT -J MESS'!$B$6:$N$17,13,0) -> 1.187563 | BB15: =SUM(AR15+AU15+AX15+BA15/4) -> 3.1020067 | BC15: =VLOOKUP($B$6:$B$17,'REPORT -MEENAKSHI MESS'!$B$5:$N$16,2,0) -> 6037 | BD15: =VLOOKUP($B$6:$B$17,'REPORT -MEENAKSHI MESS'!$B$5:$N$16,3,0) -> 135 | BE15: =VLOOKUP($B$6:$B$17,'REPORT -MEENAKSHI MESS'!$B$5:$N$16,4,0) -> 2.23621 | BF15: =VLOOKUP($B$6:$B$17,'REPORT -MEENAKSHI MESS'!$B$5:$N$16,5,0) -> 10480 | BG15: =VLOOKUP($B$6:$B$17,'REPORT -MEENAKSHI MESS'!$B$5:$N$16,6,0) -> 245 | BH15: =VLOOKUP($B$6:$B$17,'REPORT -MEENAKSHI MESS'!$B$5:$N$16,7,0) -> 2.3377863 | BI15: =VLOOKUP($B$6:$B$17,'REPORT -MEENAKSHI MESS'!$B$5:$N$16,8,0) -> 8330 | BJ15: =VLOOKUP($B$6:$B$17,'REPORT -MEENAKSHI MESS'!$B$5:$N$16,9,0) -> 0 | BK15: =VLOOKUP($B$6:$B$17,'REPORT -MEENAKSHI MESS'!$B$5:$N$16,10,0) -> 0 | BL15: =VLOOKUP($B$6:$B$17,'REPORT -MEENAKSHI MESS'!$B$5:$N$16,11,0) -> 8360 | BM15: =VLOOKUP($B$6:$B$17,'REPORT -MEENAKSHI MESS'!$B$5:$N$16,12,0) -> 299 | BN15: =VLOOKUP($B$6:$B$17,'REPORT -MEENAKSHI MESS'!$B$5:$N$16,13,0) -> 3.576555 | BO15: =SUM(BE15+BH15+BK15+BN15)/4 -> 2.0376378 | BP15: =VLOOKUP($B$6:$B$17,'REPORT -STAFF MESS'!$B$5:$N$16,2,0) -> 21647 | BQ15: =VLOOKUP($B$6:$B$17,'REPORT -STAFF MESS'!$B$5:$N$16,3,0) -> 679 | BR15: =VLOOKUP($B$6:$B$17,'REPORT -STAFF MESS'!$B$5:$N$16,4,0) -> 3.1366933 | BS15: =VLOOKUP($B$6:$B$17,'REPORT -STAFF MESS'!$B$5:$N$16,5,0) -> 21145 | BT15: =VLOOKUP($B$6:$B$17,'REPORT -STAFF MESS'!$B$5:$N$16,6,0) -> 1287 | BU15: =VLOOKUP($B$6:$B$17,'REPORT -STAFF MESS'!$B$5:$N$16,7,0) -> 6.0865453 | BV15: =VLOOKUP($B$6:$B$17,'REPORT -STAFF MESS'!$B$5:$N$16,8,0) -> 8859 | BW15: =VLOOKUP($B$6:$B$17,'REPORT -STAFF MESS'!$B$5:$N$16,9,0) -> 0 | BX15: =VLOOKUP($B$6:$B$17,'REPORT -STAFF MESS'!$B$5:$N$16,10,0) -> 0 | BY15: =VLOOKUP($B$6:$B$17,'REPORT -STAFF MESS'!$B$5:$N$16,11,0) -> 8689 | BZ15: =VLOOKUP($B$6:$B$17,'REPORT -STAFF MESS'!$B$5:$N$16,12,0) -> 575 | CA15: =VLOOKUP($B$6:$B$17,'REPORT -STAFF MESS'!$B$5:$N$16,13,0) -> 6.6175624 | CB15: =SUM(BR15+BU15+BX15+CA15)/4 -> 3.9602003
A16: 11 | B16: Feb-2024 | C16: =VLOOKUP($B$6:$B$17,'REPORT - SANNASI MESS'!$B$5:$N$16,2,0) -> 54206 | D16: =VLOOKUP($B$6:$B$17,'REPORT - SANNASI MESS'!$B$5:$N$16,3,0) -> 1120 | E16: =VLOOKUP($B$6:$B$17,'REPORT - SANNASI MESS'!$B$5:$N$16,4,0) -> 2.0661919 | F16: =VLOOKUP($B$6:$B$17,'REPORT - SANNASI MESS'!$B$5:$N$16,5,0) -> 155689 | G16: =VLOOKUP($B$6:$B$17,'REPORT - SANNASI MESS'!$B$5:$N$16,6,0) -> 3907 | H16: =VLOOKUP($B$6:$B$17,'REPORT - SANNASI MESS'!$B$5:$N$16,7,0) -> 2.5094901 | I16: =VLOOKUP($B$6:$B$17,'REPORT - SANNASI MESS'!$B$5:$N$16,8,0) -> 168926 | J16: =VLOOKUP($B$6:$B$17,'REPORT - SANNASI MESS'!$B$5:$N$16,9,0) -> 0 | K16: =VLOOKUP($B$6:$B$17,'REPORT - SANNASI MESS'!$B$5:$N$16,10,0) -> 0 | L16: =VLOOKUP($B$6:$B$17,'REPORT - SANNASI MESS'!$B$5:$N$16,11,0) -> 165326 | M16: =VLOOKUP($B$6:$B$17,'REPORT - SANNASI MESS'!$B$5:$N$16,12,0) -> 5306 | N16: =VLOOKUP($B$6:$B$17,'REPORT - SANNASI MESS'!$B$5:$N$16,13,0) -> 3.2094165 | O16: =SUM(E16+H16+K16+N16)/4 -> 1.9462746 | P16: =VLOOKUP($B$6:$B$17,'REPORT -D-MESS'!$B$5:$N$16,2,0) -> 22356 | Q16: =VLOOKUP($B$6:$B$17,'REPORT -D-MESS'!$B$5:$N$16,3,0) -> 887 | R16: =VLOOKUP($B$6:$B$17,'REPORT -D-MESS'!$B$5:$N$16,4,0) -> 3.967615 | S16: =VLOOKUP($B$6:$B$17,'REPORT -D-MESS'!$B$5:$N$16,5,0) -> 43656 | T16: =VLOOKUP($B$6:$B$17,'REPORT -D-MESS'!$B$5:$N$16,6,0) -> 1680 | U16: =VLOOKUP($B$6:$B$17,'REPORT -D-MESS'!$B$5:$N$16,7,0) -> 3.8482683 | V16: =VLOOKUP($B$6:$B$17,'REPORT -D-MESS'!$B$5:$N$16,8,0) -> 51643 | W16: =VLOOKUP($B$6:$B$17,'REPORT -D-MESS'!$B$5:$N$16,9,0) -> 0 | X16: =VLOOKUP($B$6:$B$17,'REPORT -D-MESS'!$B$5:$N$16,10,0) -> 0 | Y16: =VLOOKUP($B$6:$B$17,'REPORT -D-MESS'!$B$5:$N$16,11,0) -> 51643 | Z16: =VLOOKUP($B$6:$B$17,'REPORT -D-MESS'!$B$5:$N$16,12,0) -> 1867 | AA16: =VLOOKUP($B$6:$B$17,'REPORT -D-MESS'!$B$5:$N$16,13,0) -> 3.6152044 | AB16: =SUM(R16+U16+X16+AA16)/4 -> 2.8577719 | AC16: =VLOOKUP($B$6:$B$17,'REPORT -SENBAGAM MESS'!$B$5:$N$16,2,0) -> 28741 | AD16: =VLOOKUP($B$6:$B$17,'REPORT -SENBAGAM MESS'!$B$5:$N$16,3,0) -> 532 | AE16: =VLOOKUP($B$6:$B$17,'REPORT -SENBAGAM MESS'!$B$5:$N$16,4,0) -> 1.8510142 | AF16: =VLOOKUP($B$6:$B$17,'REPORT -SENBAGAM MESS'!$B$5:$N$16,5,0) -> 42120 | AG16: =VLOOKUP($B$6:$B$17,'REPORT -SENBAGAM MESS'!$B$5:$N$16,6,0) -> 971 | AH16: =VLOOKUP($B$6:$B$17,'REPORT -SENBAGAM MESS'!$B$5:$N$16,7,0) -> 2.3053181 | AI16: =VLOOKUP($B$6:$B$17,'REPORT -SENBAGAM MESS'!$B$5:$N$16,8,0) -> 44180 | AJ16: =VLOOKUP($B$6:$B$17,'REPORT -SENBAGAM MESS'!$B$5:$N$16,9,0) -> 0 | AK16: =VLOOKUP($B$6:$B$17,'REPORT -SENBAGAM MESS'!$B$5:$N$16,10,0) -> 0 | AL16: =VLOOKUP($B$6:$B$17,'REPORT -SENBAGAM MESS'!$B$5:$N$16,11,0) -> 44180 | AM16: =VLOOKUP($B$6:$B$17,'REPORT -SENBAGAM MESS'!$B$5:$N$16,12,0) -> 1156 | AN16: =VLOOKUP($B$6:$B$17,'REPORT -SENBAGAM MESS'!$B$5:$N$16,13,0) -> 2.6165686 | AO16: =SUM(AE16+AH16+AK16+AN16/4) -> 4.8104745 | AP16: =VLOOKUP($B$6:$B$17,'REPORT -J MESS'!$B$6:$N$17,2,0) -> 27498 | AQ16: =VLOOKUP($B$6:$B$17,'REPORT -J MESS'!$B$6:$N$17,3,0) -> 781 | AR16: =VLOOKUP($B$6:$B$17,'REPORT -J MESS'!$B$6:$N$17,4,0) -> 2.8402066 | AS16: =VLOOKUP($B$6:$B$17,'REPORT -J MESS'!$B$6:$N$17,5,0) -> 47297 | AT16: =VLOOKUP($B$6:$B$17,'REPORT -J MESS'!$B$6:$N$17,6,0) -> 890 | AU16: =VLOOKUP($B$6:$B$17,'REPORT -J MESS'!$B$6:$N$17,7,0) -> 1.8817261 | AV16: =VLOOKUP($B$6:$B$17,'REPORT -J MESS'!$B$6:$N$17,8,0) -> 54188 | AW16: =VLOOKUP($B$6:$B$17,'REPORT -J MESS'!$B$6:$N$17,9,0) -> 0 | AX16: =VLOOKUP($B$6:$B$17,'REPORT -J MESS'!$B$6:$N$17,10,0) -> 0 | AY16: =VLOOKUP($B$6:$B$17,'REPORT -J MESS'!$B$6:$N$17,11,0) -> 54188 | AZ16: =VLOOKUP($B$6:$B$17,'REPORT -J MESS'!$B$6:$N$17,12,0) -> 1009 | BA16: =VLOOKUP($B$6:$B$17,'REPORT -J MESS'!$B$6:$N$17,13,0) -> 1.8620359 | BB16: =SUM(AR16+AU16+AX16+BA16/4) -> 5.1874416 | BC16: =VLOOKUP($B$6:$B$17,'REPORT -MEENAKSHI MESS'!$B$5:$N$16,2,0) -> 8028 | BD16: =VLOOKUP($B$6:$B$17,'REPORT -MEENAKSHI MESS'!$B$5:$N$16,3,0) -> 167 | BE16: =VLOOKUP($B$6:$B$17,'REPORT -MEENAKSHI MESS'!$B$5:$N$16,4,0) -> 2.0802192 | BF16: =VLOOKUP($B$6:$B$17,'REPORT -MEENAKSHI MESS'!$B$5:$N$16,5,0) -> 11052 | BG16: =VLOOKUP($B$6:$B$17,'REPORT -MEENAKSHI MESS'!$B$5:$N$16,6,0) -> 444 | BH16: =VLOOKUP($B$6:$B$17,'REPORT -MEENAKSHI MESS'!$B$5:$N$16,7,0) -> 4.0173724 | BI16: =VLOOKUP($B$6:$B$17,'REPORT -MEENAKSHI MESS'!$B$5:$N$16,8,0) -> 11849 | BJ16: =VLOOKUP($B$6:$B$17,'REPORT -MEENAKSHI MESS'!$B$5:$N$16,9,0) -> 0 | BK16: =VLOOKUP($B$6:$B$17,'REPORT -MEENAKSHI MESS'!$B$5:$N$16,10,0) -> 0 | BL16: =VLOOKUP($B$6:$B$17,'REPORT -MEENAKSHI MESS'!$B$5:$N$16,11,0) -> 11879 | BM16: =VLOOKUP($B$6:$B$17,'REPORT -MEENAKSHI MESS'!$B$5:$N$16,12,0) -> 491 | BN16: =VLOOKUP($B$6:$B$17,'REPORT -MEENAKSHI MESS'!$B$5:$N$16,13,0) -> 4.1333446 | BO16: =SUM(BE16+BH16+BK16+BN16)/4 -> 2.5577341 | BP16: =VLOOKUP($B$6:$B$17,'REPORT -STAFF MESS'!$B$5:$N$16,2,0) -> 20814 | BQ16: =VLOOKUP($B$6:$B$17,'REPORT -STAFF MESS'!$B$5:$N$16,3,0) -> 702 | BR16: =VLOOKUP($B$6:$B$17,'REPORT -STAFF MESS'!$B$5:$N$16,4,0) -> 3.3727299 | BS16: =VLOOKUP($B$6:$B$17,'REPORT -STAFF MESS'!$B$5:$N$16,5,0) -> 21988 | BT16: =VLOOKUP($B$6:$B$17,'REPORT -STAFF MESS'!$B$5:$N$16,6,0) -> 1233 | BU16: =VLOOKUP($B$6:$B$17,'REPORT -STAFF MESS'!$B$5:$N$16,7,0) -> 5.6076041 | BV16: =VLOOKUP($B$6:$B$17,'REPORT -STAFF MESS'!$B$5:$N$16,8,0) -> 6774 | BW16: =VLOOKUP($B$6:$B$17,'REPORT -STAFF MESS'!$B$5:$N$16,9,0) -> 0 | BX16: =VLOOKUP($B$6:$B$17,'REPORT -STAFF MESS'!$B$5:$N$16,10,0) -> 0 | BY16: =VLOOKUP($B$6:$B$17,'REPORT -STAFF MESS'!$B$5:$N$16,11,0) -> 6777 | BZ16: =VLOOKUP($B$6:$B$17,'REPORT -STAFF MESS'!$B$5:$N$16,12,0) -> 470 | CA16: =VLOOKUP($B$6:$B$17,'REPORT -STAFF MESS'!$B$5:$N$16,13,0) -> 6.9352221 | CB16: =SUM(BR16+BU16+BX16+CA16)/4 -> 3.978889
A17: 12 | B17: Mar-2024 | C17: =VLOOKUP($B$6:$B$17,'REPORT - SANNASI MESS'!$B$5:$N$16,2,0) -> 51533 | D17: =VLOOKUP($B$6:$B$17,'REPORT - SANNASI MESS'!$B$5:$N$16,3,0) -> 876 | E17: =VLOOKUP($B$6:$B$17,'REPORT - SANNASI MESS'!$B$5:$N$16,4,0) -> 1.6998816 | F17: =VLOOKUP($B$6:$B$17,'REPORT - SANNASI MESS'!$B$5:$N$16,5,0) -> 162869 | G17: =VLOOKUP($B$6:$B$17,'REPORT - SANNASI MESS'!$B$5:$N$16,6,0) -> 4498 | H17: =VLOOKUP($B$6:$B$17,'REPORT - SANNASI MESS'!$B$5:$N$16,7,0) -> 2.7617288 | I17: =VLOOKUP($B$6:$B$17,'REPORT - SANNASI MESS'!$B$5:$N$16,8,0) -> 171597 | J17: =VLOOKUP($B$6:$B$17,'REPORT - SANNASI MESS'!$B$5:$N$16,9,0) -> 0 | K17: =VLOOKUP($B$6:$B$17,'REPORT - SANNASI MESS'!$B$5:$N$16,10,0) -> 0 | L17: =VLOOKUP($B$6:$B$17,'REPORT - SANNASI MESS'!$B$5:$N$16,11,0) -> 171598 | M17: =VLOOKUP($B$6:$B$17,'REPORT - SANNASI MESS'!$B$5:$N$16,12,0) -> 5796 | N17: =VLOOKUP($B$6:$B$17,'REPORT - SANNASI MESS'!$B$5:$N$16,13,0) -> 3.3776617 | O17: =SUM(E17+H17+K17+N17)/4 -> 1.959818 | P17: =VLOOKUP($B$6:$B$17,'REPORT -D-MESS'!$B$5:$N$16,2,0) -> 21414 | Q17: =VLOOKUP($B$6:$B$17,'REPORT -D-MESS'!$B$5:$N$16,3,0) -> 1013 | R17: =VLOOKUP($B$6:$B$17,'REPORT -D-MESS'!$B$5:$N$16,4,0) -> 4.7305501 | S17: =VLOOKUP($B$6:$B$17,'REPORT -D-MESS'!$B$5:$N$16,5,0) -> 49248 | T17: =VLOOKUP($B$6:$B$17,'REPORT -D-MESS'!$B$5:$N$16,6,0) -> 1720 | U17: =VLOOKUP($B$6:$B$17,'REPORT -D-MESS'!$B$5:$N$16,7,0) -> 3.4925276 | V17: =VLOOKUP($B$6:$B$17,'REPORT -D-MESS'!$B$5:$N$16,8,0) -> 47967 | W17: =VLOOKUP($B$6:$B$17,'REPORT -D-MESS'!$B$5:$N$16,9,0) -> 0 | X17: =VLOOKUP($B$6:$B$17,'REPORT -D-MESS'!$B$5:$N$16,10,0) -> 0 | Y17: =VLOOKUP($B$6:$B$17,'REPORT -D-MESS'!$B$5:$N$16,11,0) -> 47967 | Z17: =VLOOKUP($B$6:$B$17,'REPORT -D-MESS'!$B$5:$N$16,12,0) -> 2248 | AA17: =VLOOKUP($B$6:$B$17,'REPORT -D-MESS'!$B$5:$N$16,13,0) -> 4.6865553 | AB17: =SUM(R17+U17+X17+AA17)/4 -> 3.2274083 | AC17: =VLOOKUP($B$6:$B$17,'REPORT -SENBAGAM MESS'!$B$5:$N$16,2,0) -> 28770 | AD17: =VLOOKUP($B$6:$B$17,'REPORT -SENBAGAM MESS'!$B$5:$N$16,3,0) -> 596 | AE17: =VLOOKUP($B$6:$B$17,'REPORT -SENBAGAM MESS'!$B$5:$N$16,4,0) -> 2.0716024 | AF17: =VLOOKUP($B$6:$B$17,'REPORT -SENBAGAM MESS'!$B$5:$N$16,5,0) -> 45250 | AG17: =VLOOKUP($B$6:$B$17,'REPORT -SENBAGAM MESS'!$B$5:$N$16,6,0) -> 1096 | AH17: =VLOOKUP($B$6:$B$17,'REPORT -SENBAGAM MESS'!$B$5:$N$16,7,0) -> 2.4220994 | AI17: =VLOOKUP($B$6:$B$17,'REPORT -SENBAGAM MESS'!$B$5:$N$16,8,0) -> 46430 | AJ17: =VLOOKUP($B$6:$B$17,'REPORT -SENBAGAM MESS'!$B$5:$N$16,9,0) -> 0 | AK17: =VLOOKUP($B$6:$B$17,'REPORT -SENBAGAM MESS'!$B$5:$N$16,10,0) -> 0 | AL17: =VLOOKUP($B$6:$B$17,'REPORT -SENBAGAM MESS'!$B$5:$N$16,11,0) -> 46430 | AM17: =VLOOKUP($B$6:$B$17,'REPORT -SENBAGAM MESS'!$B$5:$N$16,12,0) -> 1246 | AN17: =VLOOKUP($B$6:$B$17,'REPORT -SENBAGAM MESS'!$B$5:$N$16,13,0) -> 2.6836097 | AO17: =SUM(AE17+AH17+AK17+AN17/4) -> 5.1646042 | AP17: =VLOOKUP($B$6:$B$17,'REPORT -J MESS'!$B$6:$N$17,2,0) -> 27497 | AQ17: =VLOOKUP($B$6:$B$17,'REPORT -J MESS'!$B$6:$N$17,3,0) -> 898 | AR17: =VLOOKUP($B$6:$B$17,'REPORT -J MESS'!$B$6:$N$17,4,0) -> 3.2658108 | AS17: =VLOOKUP($B$6:$B$17,'REPORT -J MESS'!$B$6:$N$17,5,0) -> 48611 | AT17: =VLOOKUP($B$6:$B$17,'REPORT -J MESS'!$B$6:$N$17,6,0) -> 1066 | AU17: =VLOOKUP($B$6:$B$17,'REPORT -J MESS'!$B$6:$N$17,7,0) -> 2.1929193 | AV17: =VLOOKUP($B$6:$B$17,'REPORT -J MESS'!$B$6:$N$17,8,0) -> 55935 | AW17: =VLOOKUP($B$6:$B$17,'REPORT -J MESS'!$B$6:$N$17,9,0) -> 0 | AX17: =VLOOKUP($B$6:$B$17,'REPORT -J MESS'!$B$6:$N$17,10,0) -> 0 | AY17: =VLOOKUP($B$6:$B$17,'REPORT -J MESS'!$B$6:$N$17,11,0) -> 55805 | AZ17: =VLOOKUP($B$6:$B$17,'REPORT -J MESS'!$B$6:$N$17,12,0) -> 1231 | BA17: =VLOOKUP($B$6:$B$17,'REPORT -J MESS'!$B$6:$N$17,13,0) -> 2.2058955 | BB17: =SUM(AR17+AU17+AX17+BA17/4) -> 6.010204 | BC17: =VLOOKUP($B$6:$B$17,'REPORT -MEENAKSHI MESS'!$B$5:$N$16,2,0) -> 8205 | BD17: =VLOOKUP($B$6:$B$17,'REPORT -MEENAKSHI MESS'!$B$5:$N$16,3,0) -> 133 | BE17: =VLOOKUP($B$6:$B$17,'REPORT -MEENAKSHI MESS'!$B$5:$N$16,4,0) -> 1.6209628 | BF17: =VLOOKUP($B$6:$B$17,'REPORT -MEENAKSHI MESS'!$B$5:$N$16,5,0) -> 11050 | BG17: =VLOOKUP($B$6:$B$17,'REPORT -MEENAKSHI MESS'!$B$5:$N$16,6,0) -> 541 | BH17: =VLOOKUP($B$6:$B$17,'REPORT -MEENAKSHI MESS'!$B$5:$N$16,7,0) -> 4.8959276 | BI17: =VLOOKUP($B$6:$B$17,'REPORT -MEENAKSHI MESS'!$B$5:$N$16,8,0) -> 11915 | BJ17: =VLOOKUP($B$6:$B$17,'REPORT -MEENAKSHI MESS'!$B$5:$N$16,9,0) -> 0 | BK17: =VLOOKUP($B$6:$B$17,'REPORT -MEENAKSHI MESS'!$B$5:$N$16,10,0) -> 0 | BL17: =VLOOKUP($B$6:$B$17,'REPORT -MEENAKSHI MESS'!$B$5:$N$16,11,0) -> 11915 | BM17: =VLOOKUP($B$6:$B$17,'REPORT -MEENAKSHI MESS'!$B$5:$N$16,12,0) -> 638 | BN17: =VLOOKUP($B$6:$B$17,'REPORT -MEENAKSHI MESS'!$B$5:$N$16,13,0) -> 5.354595 | BO17: =SUM(BE17+BH17+BK17+BN17)/4 -> 2.9678714 | BP17: =VLOOKUP($B$6:$B$17,'REPORT -STAFF MESS'!$B$5:$N$16,2,0) -> 21427 | BQ17: =VLOOKUP($B$6:$B$17,'REPORT -STAFF MESS'!$B$5:$N$16,3,0) -> 691 | BR17: =VLOOKUP($B$6:$B$17,'REPORT -STAFF MESS'!$B$5:$N$16,4,0) -> 3.2249032 | BS17: =VLOOKUP($B$6:$B$17,'REPORT -STAFF MESS'!$B$5:$N$16,5,0) -> 22148 | BT17: =VLOOKUP($B$6:$B$17,'REPORT -STAFF MESS'!$B$5:$N$16,6,0) -> 1225 | BU17: =VLOOKUP($B$6:$B$17,'REPORT -STAFF MESS'!$B$5:$N$16,7,0) -> 5.5309735 | BV17: =VLOOKUP($B$6:$B$17,'REPORT -STAFF MESS'!$B$5:$N$16,8,0) -> 7053 | BW17: =VLOOKUP($B$6:$B$17,'REPORT -STAFF MESS'!$B$5:$N$16,9,0) -> 0 | BX17: =VLOOKUP($B$6:$B$17,'REPORT -STAFF MESS'!$B$5:$N$16,10,0) -> 0 | BY17: =VLOOKUP($B$6:$B$17,'REPORT -STAFF MESS'!$B$5:$N$16,11,0) -> 7053 | BZ17: =VLOOKUP($B$6:$B$17,'REPORT -STAFF MESS'!$B$5:$N$16,12,0) -> 473 | CA17: =VLOOKUP($B$6:$B$17,'REPORT -STAFF MESS'!$B$5:$N$16,13,0) -> 6.7063661 | CB17: =SUM(BR17+BU17+BX17+CA17)/4 -> 3.8655607
B19: SRM IST HOSTEL MESS
B20: PERCEANTAGE OF FOOD WASTAGE-APRIL TO MARCH-2023 TO 2024
B21: MONTH WISE | C21: SANNASI MESS | D21: D-MESS | E21: SENBAGAM MESS | F21: J-MESS | G21: MEENAKSHI MESS | H21: STAFF MESS | I21: TOTAL
B22: Apr-2023 | C22: =VLOOKUP($B$22:$B$33,$B$6:$CB$17,14,0) -> 5.0273006 | D22: =VLOOKUP($B$22:$B$33,$B$6:$CB$17,27,0) -> 6.0742277 | E22: =VLOOKUP($B$22:$B$33,$B$6:$CB$17,40,0) -> 16.881315 | F22: =VLOOKUP($B$22:$B$33,$B$6:$CB$17,53,0) -> 14.477709 | G22: =VLOOKUP($B$22:$B$33,$B$6:$CB$17,66,0) -> 3.2621483 | H22: =VLOOKUP($B$22:$B$33,$B$6:$CB$17,79,0) -> 5.4234881 | I22: =SUM(C22:H22)/6 -> 8.5243647
B23: May-2023 | C23: =VLOOKUP($B$22:$B$33,$B$6:$CB$17,14,0) -> 5.7392761 | D23: =VLOOKUP($B$22:$B$33,$B$6:$CB$17,27,0) -> 6.4849551 | E23: =VLOOKUP($B$22:$B$33,$B$6:$CB$17,40,0) -> 14.597718 | F23: =VLOOKUP($B$22:$B$33,$B$6:$CB$17,53,0) -> 14.726118 | G23: =VLOOKUP($B$22:$B$33,$B$6:$CB$17,66,0) -> 3.3348701 | H23: =VLOOKUP($B$22:$B$33,$B$6:$CB$17,79,0) -> 4.5443003 | I23: =SUM(C23:H23)/6 -> 8.237873
B24: Jun-2023 | C24: =VLOOKUP($B$22:$B$33,$B$6:$CB$17,14,0) -> 9.124193 | D24: =VLOOKUP($B$22:$B$33,$B$6:$CB$17,27,0) -> 0.7289075 | E24: =VLOOKUP($B$22:$B$33,$B$6:$CB$17,40,0) -> 15.767777 | F24: =VLOOKUP($B$22:$B$33,$B$6:$CB$17,53,0) -> 12.885292 | G24: =VLOOKUP($B$22:$B$33,$B$6:$CB$17,66,0) -> 6.0927756 | H24: =VLOOKUP($B$22:$B$33,$B$6:$CB$17,79,0) -> 4.4211191 | I24: =SUM(C24:H24)/6 -> 8.1700107
B25: Jul-2023 | C25: =VLOOKUP($B$22:$B$33,$B$6:$CB$17,14,0) -> 11.975223 | D25: =VLOOKUP($B$22:$B$33,$B$6:$CB$17,27,0) -> 3.5291566 | E25: =VLOOKUP($B$22:$B$33,$B$6:$CB$17,40,0) -> 9.899413 | F25: =VLOOKUP($B$22:$B$33,$B$6:$CB$17,53,0) -> 12.965779 | G25: =VLOOKUP($B$22:$B$33,$B$6:$CB$17,66,0) -> 8.4156903 | H25: =VLOOKUP($B$22:$B$33,$B$6:$CB$17,79,0) -> 3.7182136 | I25: =SUM(C25:H25)/6 -> 8.417246
B26: Aug-2023 | C26: =VLOOKUP($B$22:$B$33,$B$6:$CB$17,14,0) -> 2.0491156 | D26: =VLOOKUP($B$22:$B$33,$B$6:$CB$17,27,0) -> 4.167083 | E26: =VLOOKUP($B$22:$B$33,$B$6:$CB$17,40,0) -> 7.7103181 | F26: =VLOOKUP($B$22:$B$33,$B$6:$CB$17,53,0) -> 7.5581433 | G26: =VLOOKUP($B$22:$B$33,$B$6:$CB$17,66,0) -> 1.7160178 | H26: =VLOOKUP($B$22:$B$33,$B$6:$CB$17,79,0) -> 3.6338411 | I26: =SUM(C26:H26)/6 -> 4.4724198
B27: Sep-2023 | C27: =VLOOKUP($B$22:$B$33,$B$6:$CB$17,14,0) -> 1.9368121 | D27: =VLOOKUP($B$22:$B$33,$B$6:$CB$17,27,0) -> 6.0476146 | E27: =VLOOKUP($B$22:$B$33,$B$6:$CB$17,40,0) -> 7.3758892 | F27: =VLOOKUP($B$22:$B$33,$B$6:$CB$17,53,0) -> 7.2848954 | G27: =VLOOKUP($B$22:$B$33,$B$6:$CB$17,66,0) -> 1.7928577 | H27: =VLOOKUP($B$22:$B$33,$B$6:$CB$17,79,0) -> 3.3270044 | I27: =SUM(C27:H27)/6 -> 4.6275122
B28: Oct-2023 | C28: =VLOOKUP($B$22:$B$33,$B$6:$CB$17,14,0) -> 1.9902793 | D28: =VLOOKUP($B$22:$B$33,$B$6:$CB$17,27,0) -> 5.8023002 | E28: =VLOOKUP($B$22:$B$33,$B$6:$CB$17,40,0) -> 7.136828 | F28: =VLOOKUP($B$22:$B$33,$B$6:$CB$17,53,0) -> 5.214276 | G28: =VLOOKUP($B$22:$B$33,$B$6:$CB$17,66,0) -> 1.6904474 | H28: =VLOOKUP($B$22:$B$33,$B$6:$CB$17,79,0) -> 3.5968526 | I28: =SUM(C28:H28)/6 -> 4.2384972
B29: Nov-2023 | C29: =VLOOKUP($B$22:$B$33,$B$6:$CB$17,14,0) -> 2.0246664 | D29: =VLOOKUP($B$22:$B$33,$B$6:$CB$17,27,0) -> 6.4961387 | E29: =VLOOKUP($B$22:$B$33,$B$6:$CB$17,40,0) -> 6.4004491 | F29: =VLOOKUP($B$22:$B$33,$B$6:$CB$17,53,0) -> 5.3919075 | G29: =VLOOKUP($B$22:$B$33,$B$6:$CB$17,66,0) -> 2.3104631 | H29: =VLOOKUP($B$22:$B$33,$B$6:$CB$17,79,0) -> 4.2416402 | I29: =SUM(C29:H29)/6 -> 4.4775442
B30: Dec-2023 | C30: =VLOOKUP($B$22:$B$33,$B$6:$CB$17,14,0) -> 2.7795828 | D30: =VLOOKUP($B$22:$B$33,$B$6:$CB$17,27,0) -> 3.6038763 | E30: =VLOOKUP($B$22:$B$33,$B$6:$CB$17,40,0) -> 6.7128557 | F30: =VLOOKUP($B$22:$B$33,$B$6:$CB$17,53,0) -> 7.0369044 | G30: =VLOOKUP($B$22:$B$33,$B$6:$CB$17,66,0) -> 2.5137679 | H30: =VLOOKUP($B$22:$B$33,$B$6:$CB$17,79,0) -> 4.2653248 | I30: =SUM(C30:H30)/6 -> 4.4853853
B31: Jan-2024 | C31: =VLOOKUP($B$22:$B$33,$B$6:$CB$17,14,0) -> 2.1607122 | D31: =VLOOKUP($B$22:$B$33,$B$6:$CB$17,27,0) -> 0 | E31: =VLOOKUP($B$22:$B$33,$B$6:$CB$17,40,0) -> 3.434912 | F31: =VLOOKUP($B$22:$B$33,$B$6:$CB$17,53,0) -> 3.1020067 | G31: =VLOOKUP($B$22:$B$33,$B$6:$CB$17,66,0) -> 2.0376378 | H31: =VLOOKUP($B$22:$B$33,$B$6:$CB$17,79,0) -> 3.9602003 | I31: =SUM(C31:H31)/6 -> 2.4492448
B32: Feb-2024 | C32: =VLOOKUP($B$22:$B$33,$B$6:$CB$17,14,0) -> 1.9462746 | D32: =VLOOKUP($B$22:$B$33,$B$6:$CB$17,27,0) -> 2.8577719 | E32: =VLOOKUP($B$22:$B$33,$B$6:$CB$17,40,0) -> 4.8104745 | F32: =VLOOKUP($B$22:$B$33,$B$6:$CB$17,53,0) -> 5.1874416 | G32: =VLOOKUP($B$22:$B$33,$B$6:$CB$17,66,0) -> 2.5577341 | H32: =VLOOKUP($B$22:$B$33,$B$6:$CB$17,79,0) -> 3.978889 | I32: =SUM(C32:H32)/6 -> 3.556431
B33: Mar-2024 | C33: =VLOOKUP($B$22:$B$33,$B$6:$CB$17,14,0) -> 1.959818 | D33: =VLOOKUP($B$22:$B$33,$B$6:$CB$17,27,0) -> 3.2274083 | E33: =VLOOKUP($B$22:$B$33,$B$6:$CB$17,40,0) -> 5.1646042 | F33: =VLOOKUP($B$22:$B$33,$B$6:$CB$17,53,0) -> 6.010204 | G33: =VLOOKUP($B$22:$B$33,$B$6:$CB$17,66,0) -> 2.9678714 | H33: =VLOOKUP($B$22:$B$33,$B$6:$CB$17,79,0) -> 3.8655607 | I33: =SUM(C33:H33)/6 -> 3.8659111
A35: PERCEANTAGE OF FOOD WASTAGE-(APRIL To MARCH-2023 TO 2024) | C35: =SUM(I22:I33)/12 -> 5.4602033
B36: SRM IST HOSTEL MESS
B37: PLATE COUNT REPORT -APRIL TO MARCH-2023 TO 2024
B38: MONTH WISE | C38: SANNASI MESS | D38: D-MESS | E38: SENBAGAM MESS | F38: J-MESS | G38: MEENAKSHI MESS | H38: STAFF MESS | I38: TOTAL
B39: Apr-2023 | C39: =SUM(C6+F6+I6+L6) -> 429700 | D39: =SUM(P6+S6+V6+Y6) -> 118590 | E39: =SUM(AC6+AF6+AI6+AL6) -> 92400 | F39: =SUM(AP6+AS6+AV6+AY6) -> 114967 | G39: =SUM(BC6+BF6+BI6+BL6) -> 27038 | H39: =SUM(BP6+BS6+BV6+BY6) -> 44819 | I39: =SUM(C39:H39) -> 827514
B40: May-2023 | C40: =SUM(C7+F7+I7+L7) -> 388984 | D40: =SUM(P7+S7+V7+Y7) -> 118897 | E40: =SUM(AC7+AF7+AI7+AL7) -> 90955 | F40: =SUM(AP7+AS7+AV7+AY7) -> 119846 | G40: =SUM(BC7+BF7+BI7+BL7) -> 26734 | H40: =SUM(BP7+BS7+BV7+BY7) -> 56171 | I40: =SUM(C40:H40) -> 801587
B41: Jun-2023 | C41: =SUM(C8+F8+I8+L8) -> 112729 | D41: =SUM(P8+S8+V8+Y8) -> 4695 | E41: =SUM(AC8+AF8+AI8+AL8) -> 42226 | F41: =SUM(AP8+AS8+AV8+AY8) -> 1456 | G41: =SUM(BC8+BF8+BI8+BL8) -> 13001 | H41: =SUM(BP8+BS8+BV8+BY8) -> 66403 | I41: =SUM(C41:H41) -> 240510
B42: Jul-2023 | C42: =SUM(C9+F9+I9+L9) -> 54400 | D42: =SUM(P9+S9+V9+Y9) -> 74385 | E42: =SUM(AC9+AF9+AI9+AL9) -> 83191 | F42: =SUM(AP9+AS9+AV9+AY9) -> 85093 | G42: =SUM(BC9+BF9+BI9+BL9) -> 4920 | H42: =SUM(BP9+BS9+BV9+BY9) -> 89250 | I42: =SUM(C42:H42) -> 391239
B43: Aug-2023 | C43: =SUM(C10+F10+I10+L10) -> 544704 | D43: =SUM(P10+S10+V10+Y10) -> 151035 | E43: =SUM(AC10+AF10+AI10+AL10) -> 136865 | F43: =SUM(AP10+AS10+AV10+AY10) -> 163434 | G43: =SUM(BC10+BF10+BI10+BL10) -> 44181 | H43: =SUM(BP10+BS10+BV10+BY10) -> 90138 | I43: =SUM(C43:H43) -> 1130357
B44: Sep-2023 | C44: =SUM(C11+F11+I11+L11) -> 504920 | D44: =SUM(P11+S11+V11+Y11) -> 147730 | E44: =SUM(AC11+AF11+AI11+AL11) -> 133180 | F44: =SUM(AP11+AS11+AV11+AY11) -> 160250 | G44: =SUM(BC11+BF11+BI11+BL11) -> 47381 | H44: =SUM(BP11+BS11+BV11+BY11) -> 80180 | I44: =SUM(C44:H44) -> 1073641
B45: Oct-2023 | C45: =SUM(C12+F12+I12+L12) -> 523370 | D45: =SUM(P12+S12+V12+Y12) -> 88791 | E45: =SUM(AC12+AF12+AI12+AL12) -> 147490 | F45: =SUM(AP12+AS12+AV12+AY12) -> 160844 | G45: =SUM(BC12+BF12+BI12+BL12) -> 52446 | H45: =SUM(BP12+BS12+BV12+BY12) -> 76494 | I45: =SUM(C45:H45) -> 1049435
B46: Nov-2023 | C46: =SUM(C13+F13+I13+L13) -> 548010 | D46: =SUM(P13+S13+V13+Y13) -> 88449 | E46: =SUM(AC13+AF13+AI13+AL13) -> 140350 | F46: =SUM(AP13+AS13+AV13+AY13) -> 161332 | G46: =SUM(BC13+BF13+BI13+BL13) -> 44606 | H46: =SUM(BP13+BS13+BV13+BY13) -> 62113 | I46: =SUM(C46:H46) -> 1044860
B47: Dec-2023 | C47: =SUM(C14+F14+I14+L14) -> 284603 | D47: =SUM(P14+S14+V14+Y14) -> 35079 | E47: =SUM(AC14+AF14+AI14+AL14) -> 79030 | F47: =SUM(AP14+AS14+AV14+AY14) -> 37626 | G47: =SUM(BC14+BF14+BI14+BL14) -> 26172 | H47: =SUM(BP14+BS14+BV14+BY14) -> 59478 | I47: =SUM(C47:H47) -> 521988
B48: Jan-2024 | C48: =SUM(C15+F15+I15+L15) -> 410579 | D48: =SUM(P15+S15+V15+Y15) -> 9605 | E48: =SUM(AC15+AF15+AI15+AL15) -> 99400 | F48: =SUM(AP15+AS15+AV15+AY15) -> 47216 | G48: =SUM(BC15+BF15+BI15+BL15) -> 33207 | H48: =SUM(BP15+BS15+BV15+BY15) -> 60340 | I48: =SUM(C48:H48) -> 660347
B49: Feb-2024 | C49: =SUM(C16+F16+I16+L16) -> 544147 | D49: =SUM(P16+S16+V16+Y16) -> 169298 | E49: =SUM(AC16+AF16+AI16+AL16) -> 159221 | F49: =SUM(AP16+AS16+AV16+AY16) -> 183171 | G49: =SUM(BC16+BF16+BI16+BL16) -> 42808 | H49: =SUM(BP16+BS16+BV16+BY16) -> 56353 | I49: =SUM(C49:H49) -> 1154998
B50: Mar-2024 | C50: =SUM(C17+F17+I17+L17) -> 557597 | D50: =SUM(P17+S17+V17+Y17) -> 166596 | E50: =SUM(AC17+AF17+AI17+AL17) -> 166880 | F50: =SUM(AP17+AS17+AV17+AY17) -> 187848 | G50: =SUM(BC17+BF17+BI17+BL17) -> 43085 | H50: =SUM(BP17+BS17+BV17+BY17) -> 57681 | I50: =SUM(C50:H50) -> 1179687
H51: TOTAL | I51: =SUM(I39:I50) -> 10076163
B53: SRM IST HOSTEL MESS
B54: FOOD WASTAGE- REPORT -APRIL TO MARCH-2023 TO 2024
B55: MONTH WISE | C55: SANNASI MESS | D55: D-MESS | E55: SENBAGAM MESS | F55: J-MESS | G55: MEENAKSHI MESS | H55: STAFF MESS | I55: TOTAL
B56: Apr-2023 | C56: =SUM(D6+G6+J6+M6) -> 22960 | D56: =SUM(Q6+T6+W6+Z6) -> 7342 | E56: =SUM(AD6+AG6+AJ6+AM6) -> 5158 | F56: =SUM(AQ6+AT6+AW6+AZ6) -> 6130 | G56: =SUM(BD6+BG6+BJ6+BM6) -> 895 | H56: =SUM(BQ6+BT6+BW6+BZ6) -> 2736 | I56: =SUM(C56:H56) -> 45221
B57: May-2023 | C57: =SUM(D7+G7+J7+M7) -> 24045 | D57: =SUM(Q7+T7+W7+Z7) -> 7801 | E57: =SUM(AD7+AG7+AJ7+AM7) -> 4677 | F57: =SUM(AQ7+AT7+AW7+AZ7) -> 6334 | G57: =SUM(BD7+BG7+BJ7+BM7) -> 906.5 | H57: =SUM(BQ7+BT7+BW7+BZ7) -> 2886 | I57: =SUM(C57:H57) -> 46649.5
B58: Jun-2023 | C58: =SUM(D8+G8+J8+M8) -> 10808 | D58: =SUM(Q8+T8+W8+Z8) -> 45 | E58: =SUM(AD8+AG8+AJ8+AM8) -> 2289 | F58: =SUM(AQ8+AT8+AW8+AZ8) -> 96 | G58: =SUM(BD8+BG8+BJ8+BM8) -> 795.5 | H58: =SUM(BQ8+BT8+BW8+BZ8) -> 3246 | I58: =SUM(C58:H58) -> 17279.5
B59: Jul-2023 | C59: =SUM(D9+G9+J9+M9) -> 6525 | D59: =SUM(Q9+T9+W9+Z9) -> 2620 | E59: =SUM(AD9+AG9+AJ9+AM9) -> 2846 | F59: =SUM(AQ9+AT9+AW9+AZ9) -> 4250 | G59: =SUM(BD9+BG9+BJ9+BM9) -> 405.5 | H59: =SUM(BQ9+BT9+BW9+BZ9) -> 3570 | I59: =SUM(C59:H59) -> 20216.5
B60: Aug-2023 | C60: =SUM(D10+G10+J10+M10) -> 11611 | D60: =SUM(Q10+T10+W10+Z10) -> 6113 | E60: =SUM(AD10+AG10+AJ10+AM10) -> 3560 | F60: =SUM(AQ10+AT10+AW10+AZ10) -> 3931 | G60: =SUM(BD10+BG10+BJ10+BM10) -> 743.5 | H60: =SUM(BQ10+BT10+BW10+BZ10) -> 3498 | I60: =SUM(C60:H60) -> 29456.5
B61: Sep-2023 | C61: =SUM(D11+G11+J11+M11) -> 10136 | D61: =SUM(Q11+T11+W11+Z11) -> 8461 | E61: =SUM(AD11+AG11+AJ11+AM11) -> 3362 | F61: =SUM(AQ11+AT11+AW11+AZ11) -> 3548 | G61: =SUM(BD11+BG11+BJ11+BM11) -> 843 | H61: =SUM(BQ11+BT11+BW11+BZ11) -> 2823 | I61: =SUM(C61:H61) -> 29173
B62: Oct-2023 | C62: =SUM(D12+G12+J12+M12) -> 10886 | D62: =SUM(Q12+T12+W12+Z12) -> 5203 | E62: =SUM(AD12+AG12+AJ12+AM12) -> 3357 | F62: =SUM(AQ12+AT12+AW12+AZ12) -> 2561 | G62: =SUM(BD12+BG12+BJ12+BM12) -> 874 | H62: =SUM(BQ12+BT12+BW12+BZ12) -> 3063 | I62: =SUM(C62:H62) -> 25944
B63: Nov-2023 | C63: =SUM(D13+G13+J13+M13) -> 11362 | D63: =SUM(Q13+T13+W13+Z13) -> 5394 | E63: =SUM(AD13+AG13+AJ13+AM13) -> 2991 | F63: =SUM(AQ13+AT13+AW13+AZ13) -> 2675 | G63: =SUM(BD13+BG13+BJ13+BM13) -> 1026 | H63: =SUM(BQ13+BT13+BW13+BZ13) -> 2885 | I63: =SUM(C63:H63) -> 26333
B64: Dec-2023 | C64: =SUM(D14+G14+J14+M14) -> 8395 | D64: =SUM(Q14+T14+W14+Z14) -> 1198 | E64: =SUM(AD14+AG14+AJ14+AM14) -> 1886 | F64: =SUM(AQ14+AT14+AW14+AZ14) -> 979 | G64: =SUM(BD14+BG14+BJ14+BM14) -> 658 | H64: =SUM(BQ14+BT14+BW14+BZ14) -> 2802 | I64: =SUM(C64:H64) -> 15918
B65: Jan-2024 | C65: =SUM(D15+G15+J15+M15) -> 9455 | D65: =SUM(Q15+T15+W15+Z15) -> 0 | E65: =SUM(AD15+AG15+AJ15+AM15) -> 1208 | F65: =SUM(AQ15+AT15+AW15+AZ15) -> 446 | G65: =SUM(BD15+BG15+BJ15+BM15) -> 679 | H65: =SUM(BQ15+BT15+BW15+BZ15) -> 2541 | I65: =SUM(C65:H65) -> 14329
B66: Feb-2024 | C66: =SUM(D16+G16+J16+M16) -> 10333 | D66: =SUM(Q16+T16+W16+Z16) -> 4434 | E66: =SUM(AD16+AG16+AJ16+AM16) -> 2659 | F66: =SUM(AQ16+AT16+AW16+AZ16) -> 2680 | G66: =SUM(BD16+BG16+BJ16+BM16) -> 1102 | H66: =SUM(BQ16+BT16+BW16+BZ16) -> 2405 | I66: =SUM(C66:H66) -> 23613
B67: Mar-2024 | C67: =SUM(D17+G17+J17+M17) -> 11170 | D67: =SUM(Q17+T17+W17+Z17) -> 4981 | E67: =SUM(AD17+AG17+AJ17+AM17) -> 2938 | F67: =SUM(AQ17+AT17+AW17+AZ17) -> 3195 | G67: =SUM(BD17+BG17+BJ17+BM17) -> 1312 | H67: =SUM(BQ17+BT17+BW17+BZ17) -> 2389 | I67: =SUM(C67:H67) -> 25985
H68: TOTAL | I68: =SUM(I56:I67) -> 320118
